Data Source,World Development Indicators,,,,,,,,,,,,,,,,,,,,,,,,,,,,,,,,,,,,,,,,,,,,,,,,,,,,,,,,,,,,,,,,,,
,,,,,,,,,,,,,,,,,,,,,,,,,,,,,,,,,,,,,,,,,,,,,,,,,,,,,,,,,,,,,,,,,,,
Last Updated Date,13/11/2024,,,,,,,,,,,,,,,,,,,,,,,,,,,,,,,,,,,,,,,,,,,,,,,,,,,,,,,,,,,,,,,,,,
,,,,,,,,,,,,,,,,,,,,,,,,,,,,,,,,,,,,,,,,,,,,,,,,,,,,,,,,,,,,,,,,,,,
Country Name,Country Code,Indicator Name,Indicator Code,1960,1961,1962,1963,1964,1965,1966,1967,1968,1969,1970,1971,1972,1973,1974,1975,1976,1977,1978,1979,1980,1981,1982,1983,1984,1985,1986,1987,1988,1989,1990,1991,1992,1993,1994,1995,1996,1997,1998,1999,2000,2001,2002,2003,2004,2005,2006,2007,2008,2009,2010,2011,2012,2013,2014,2015,2016,2017,2018,2019,2020,2021,2022,2023
Aruba,ABW,"Mortality caused by road traffic injury (per 100,000 population)",SH.STA.TRAF.P5,,,,,,,,,,,,,,,,,,,,,,,,,,,,,,,,,,,,,,,,,,,,,,,,,,,,,,,,,,,,,,,,
Africa Eastern and Southern,AFE,"Mortality caused by road traffic injury (per 100,000 population)",SH.STA.TRAF.P5,,,,,,,,,,,,,,,,,,,,,,,,,,,,,,,,,,,,,,,,,31.21171012,30.4411424,30.75039041,30.96394732,30.48021236,30.03407779,29.94499671,28.81740027,28.42453181,28.59006358,28.44340992,28.26226332,28.35236569,27.91379139,28.2803523,28.54357061,28.97701346,28.9509917,28.98117567,29.41212565,,,,
Afghanistan,AFG,"Mortality caused by road traffic injury (per 100,000 population)",SH.STA.TRAF.P5,,,,,,,,,,,,,,,,,,,,,,,,,,,,,,,,,,,,,,,,,14.7,15.1,14.9,15,15.2,15.2,15.1,15,15,14.4,14.4,14.2,13.8,14,14.1,14.4,14.8,15.1,14.2,15.9,,,,
Africa Western and Central,AFW,"Mortality caused by road traffic injury (per 100,000 population)",SH.STA.TRAF.P5,,,,,,,,,,,,,,,,,,,,,,,,,,,,,,,,,,,,,,,,,28.19018408,28.31884367,28.42301819,27.92736427,27.50723017,27.21703454,26.80799707,26.49227681,26.14454779,26.24968912,26.2232538,24.99598509,24.44443692,24.4233595,24.4398881,24.35298466,24.48119369,24.465392,24.51930321,24.58917598,,,,
Angola,AGO,"Mortality caused by road traffic injury (per 100,000 population)",SH.STA.TRAF.P5,,,,,,,,,,,,,,,,,,,,,,,,,,,,,,,,,,,,,,,,,25.1,25.2,25.4,25.3,25.9,26.1,24.6,25.5,25,27.3,25.8,25.4,23.2,22.4,23.2,23.6,24.7,25.5,26,26.1,,,,
Albania,ALB,"Mortality caused by road traffic injury (per 100,000 population)",SH.STA.TRAF.P5,,,,,,,,,,,,,,,,,,,,,,,,,,,,,,,,,,,,,,,,,14.3,14.5,14.5,14.7,14.7,14.9,14.9,14.8,14.5,14.4,14.1,14.3,13.8,13.9,13.6,13.8,13.8,11.4,11,11.7,,,,
Andorra,AND,"Mortality caused by road traffic injury (per 100,000 population)",SH.STA.TRAF.P5,,,,,,,,,,,,,,,,,,,,,,,,,,,,,,,,,,,,,,,,,,,,,,,,,,,,,,7.6,,,,,,,,,,
Arab World,ARB,"Mortality caused by road traffic injury (per 100,000 population)",SH.STA.TRAF.P5,,,,,,,,,,,,,,,,,,,,,,,,,,,,,,,,,,,,,,,,,19.57035918,19.37466617,19.67635147,20.16396549,20.04062605,20.09416407,20.07836534,20.60780469,20.82898286,20.59442816,20.67809205,20.16737119,19.32557716,19.15789985,20.04470733,20.13879923,19.9058576,19.74375743,20.13663296,20.19808074,,,,
United Arab Emirates,ARE,"Mortality caused by road traffic injury (per 100,000 population)",SH.STA.TRAF.P5,,,,,,,,,,,,,,,,,,,,,,,,,,,,,,,,,,,,,,,,,16,15.8,22.4,24.2,20.9,18.7,17.2,17.7,18,19,19.4,19.1,17.9,17.6,17.8,18.1,17.9,13.3,11.3,8.9,,,,
Argentina,ARG,"Mortality caused by road traffic injury (per 100,000 population)",SH.STA.TRAF.P5,,,,,,,,,,,,,,,,,,,,,,,,,,,,,,,,,,,,,,,,,11.5,11.6,9.8,9.4,10.6,11.6,13.1,14.1,14.8,13.3,12.8,13.9,13.1,14.3,13.4,13.9,14.1,14,13.6,14.1,,,,
Armenia,ARM,"Mortality caused by road traffic injury (per 100,000 population)",SH.STA.TRAF.P5,,,,,,,,,,,,,,,,,,,,,,,,,,,,,,,,,,,,,,,,,19.6,19.5,19.1,18.5,18.5,18.3,17.8,17.6,17.3,17.9,18,17.7,17,16.8,16.7,16.7,15.7,16.4,20.4,20,,,,
American Samoa,ASM,"Mortality caused by road traffic injury (per 100,000 population)",SH.STA.TRAF.P5,,,,,,,,,,,,,,,,,,,,,,,,,,,,,,,,,,,,,,,,,,,,,,,,,,,,,,,,,,,,,,,,
Antigua and Barbuda,ATG,"Mortality caused by road traffic injury (per 100,000 population)",SH.STA.TRAF.P5,,,,,,,,,,,,,,,,,,,,,,,,,,,,,,,,,,,,,,,,,9.2,13,2.6,10.1,2.5,0,2.4,7.2,11.2,6.3,5.4,8.8,0.7,1.7,0.6,0,0,0,0,0,,,,
Australia,AUS,"Mortality caused by road traffic injury (per 100,000 population)",SH.STA.TRAF.P5,,,,,,,,,,,,,,,,,,,,,,,,,,,,,,,,,,,,,,,,,9.9,9.3,9.1,8.5,8.2,8.3,8,7.9,7.1,7.1,6.5,5.9,5.8,5.3,5.4,5.2,5.6,5.2,4.8,4.9,,,,
Austria,AUT,"Mortality caused by road traffic injury (per 100,000 population)",SH.STA.TRAF.P5,,,,,,,,,,,,,,,,,,,,,,,,,,,,,,,,,,,,,,,,,12.5,12.2,12.1,11.7,11,9.6,9.1,8.6,8.4,7.8,6.8,6.4,6.4,5.5,5.1,5.7,5.2,4.9,4.8,4.9,,,,
Azerbaijan,AZE,"Mortality caused by road traffic injury (per 100,000 population)",SH.STA.TRAF.P5,,,,,,,,,,,,,,,,,,,,,,,,,,,,,,,,,,,,,,,,,8.2,10,10.1,14.5,10.7,13.9,13.2,13.7,13.3,11.6,11.4,12.4,14,13.8,13.2,10.3,8.7,8.5,8.1,6.7,,,,
Burundi,BDI,"Mortality caused by road traffic injury (per 100,000 population)",SH.STA.TRAF.P5,,,,,,,,,,,,,,,,,,,,,,,,,,,,,,,,,,,,,,,,,30.3,30.2,29.3,29.8,29.7,29.9,33.1,33.4,33,33,33.2,33,33.8,33.8,33.6,34.4,34.8,34.9,35.2,35.5,,,,
Belgium,BEL,"Mortality caused by road traffic injury (per 100,000 population)",SH.STA.TRAF.P5,,,,,,,,,,,,,,,,,,,,,,,,,,,,,,,,,,,,,,,,,16.7,15.8,13.9,12,11.4,10.9,10.5,10.8,9.4,9.4,8.1,8.2,7.2,7,6.7,6.7,5.8,5.5,5.4,5.8,,,,
Benin,BEN,"Mortality caused by road traffic injury (per 100,000 population)",SH.STA.TRAF.P5,,,,,,,,,,,,,,,,,,,,,,,,,,,,,,,,,,,,,,,,,28.4,28.5,28.7,28.2,28,28.9,28.1,27.6,27.6,27.9,28.2,28.1,27.4,27,27,27.3,27.5,27,26.9,26.8,,,,
Burkina Faso,BFA,"Mortality caused by road traffic injury (per 100,000 population)",SH.STA.TRAF.P5,,,,,,,,,,,,,,,,,,,,,,,,,,,,,,,,,,,,,,,,,27.6,27.7,28,28.4,29.1,29.2,29.4,29.6,29.7,29.4,30.2,30,29.6,29.8,30.2,30.4,30.5,30.7,30.8,31,,,,
Bangladesh,BGD,"Mortality caused by road traffic injury (per 100,000 population)",SH.STA.TRAF.P5,,,,,,,,,,,,,,,,,,,,,,,,,,,,,,,,,,,,,,,,,10.8,12,13.5,14.9,16.4,17.6,17.6,16.9,16.9,16.9,16.9,16.8,15.9,15.9,15.9,15.8,15.8,15.6,15.5,15.3,,,,
Bulgaria,BGR,"Mortality caused by road traffic injury (per 100,000 population)",SH.STA.TRAF.P5,,,,,,,,,,,,,,,,,,,,,,,,,,,,,,,,,,,,,,,,,13,13.2,12.6,12.7,12.5,12.8,14.1,14.3,14.5,12.4,10.8,9.2,8.5,8.5,9.4,10.1,10.2,9.9,8.9,9.2,,,,
Bahrain,BHR,"Mortality caused by road traffic injury (per 100,000 population)",SH.STA.TRAF.P5,,,,,,,,,,,,,,,,,,,,,,,,,,,,,,,,,,,,,,,,,12,17.3,18.9,16.1,15.7,15.6,21.8,15.8,13.5,13.5,10.8,9.7,9.5,9.7,7.3,7.5,6.9,6.2,5.7,5.2,,,,
"Bahamas, The",BHS,"Mortality caused by road traffic injury (per 100,000 population)",SH.STA.TRAF.P5,,,,,,,,,,,,,,,,,,,,,,,,,,,,,,,,,,,,,,,,,25.6,20.9,17.7,13.1,16,20.9,14.8,15.7,14.5,16.3,12.7,13.1,13,14.1,8.1,8.3,8.2,8.7,8.2,7.7,,,,
Bosnia and Herzegovina,BIH,"Mortality caused by road traffic injury (per 100,000 population)",SH.STA.TRAF.P5,,,,,,,,,,,,,,,,,,,,,,,,,,,,,,,,,,,,,,,,,19,18.9,18.5,18.4,18.1,17.8,17.6,17.5,17.1,17.1,16.9,14.9,15.6,15.4,15.5,15.8,16.3,15.6,14.2,13.5,,,,
Belarus,BLR,"Mortality caused by road traffic injury (per 100,000 population)",SH.STA.TRAF.P5,,,,,,,,,,,,,,,,,,,,,,,,,,,,,,,,,,,,,,,,,17.8,17.7,26.1,26.7,23,22.1,22.1,23.5,23.9,19.5,21.9,18.6,15.8,13.6,11.5,10.1,8.9,8.9,8.3,7.6,,,,
Belize,BLZ,"Mortality caused by road traffic injury (per 100,000 population)",SH.STA.TRAF.P5,,,,,,,,,,,,,,,,,,,,,,,,,,,,,,,,,,,,,,,,,29.5,37.5,36.1,31.5,23.5,35.9,28.8,32.4,33.8,16.8,14,18.2,21.3,21.7,24.3,25.5,28.2,19.4,22.5,22.6,,,,
Bermuda,BMU,"Mortality caused by road traffic injury (per 100,000 population)",SH.STA.TRAF.P5,,,,,,,,,,,,,,,,,,,,,,,,,,,,,,,,,,,,,,,,,,,,,,,,,,,,,,,,,,,,,,,,
Bolivia,BOL,"Mortality caused by road traffic injury (per 100,000 population)",SH.STA.TRAF.P5,,,,,,,,,,,,,,,,,,,,,,,,,,,,,,,,,,,,,,,,,14.5,14.8,15.2,15.1,15.1,15.2,20.9,15,17.2,16.6,17.3,17.5,23,23.5,19.9,18.8,15.3,20.3,20.7,21.1,,,,
Brazil,BRA,"Mortality caused by road traffic injury (per 100,000 population)",SH.STA.TRAF.P5,,,,,,,,,,,,,,,,,,,,,,,,,,,,,,,,,,,,,,,,,19.7,20.1,21.2,21,22.2,22.4,21.8,22.5,22.6,22.2,24.3,24.5,24.8,23.1,23.6,20.8,19.9,18.7,17.1,16,,,,
Barbados,BRB,"Mortality caused by road traffic injury (per 100,000 population)",SH.STA.TRAF.P5,,,,,,,,,,,,,,,,,,,,,,,,,,,,,,,,,,,,,,,,,14.6,8.6,11.3,11.7,16.7,8.7,7.9,10.1,6.1,9.2,8.9,11,14.8,14.1,8.4,13.3,5.6,8.5,8.3,8.2,,,,
Brunei Darussalam,BRN,"Mortality caused by road traffic injury (per 100,000 population)",SH.STA.TRAF.P5,,,,,,,,,,,,,,,,,,,,,,,,,,,,,,,,,,,,,,,,,15.9,19.4,15,8.8,12.5,14.4,12.7,17.6,10.5,11.5,7.7,12.2,9,9.6,8.5,8.9,9.1,8.1,7.8,7.5,,,,
Bhutan,BTN,"Mortality caused by road traffic injury (per 100,000 population)",SH.STA.TRAF.P5,,,,,,,,,,,,,,,,,,,,,,,,,,,,,,,,,,,,,,,,,11.7,11.9,12,12.4,13.1,13.4,13.4,13.2,15.2,13.6,13.6,16.7,15.3,11.8,11.8,15.1,18.9,15.7,15.9,16.2,,,,
Botswana,BWA,"Mortality caused by road traffic injury (per 100,000 population)",SH.STA.TRAF.P5,,,,,,,,,,,,,,,,,,,,,,,,,,,,,,,,,,,,,,,,,31.8,31.1,30.2,31.7,29.8,24.8,24.7,26.1,23.9,24,24.2,23.8,21.2,20.9,24.2,24.8,24.8,25,25.7,26.4,,,,
Central African Republic,CAF,"Mortality caused by road traffic injury (per 100,000 population)",SH.STA.TRAF.P5,,,,,,,,,,,,,,,,,,,,,,,,,,,,,,,,,,,,,,,,,32.3,31.9,31.6,33.5,33.6,33.4,33,32.7,32.3,32,30.5,30.3,29.6,33.3,33.7,34,34.1,35.3,36,37.7,,,,
Canada,CAN,"Mortality caused by road traffic injury (per 100,000 population)",SH.STA.TRAF.P5,,,,,,,,,,,,,,,,,,,,,,,,,,,,,,,,,,,,,,,,,9.8,9.2,9.7,9.1,8.9,9.5,9.1,8.9,8,7.2,7.3,6.3,6.7,6.3,5.8,5.8,5.8,5.6,5.4,5.3,,,,
Central Europe and the Baltics,CEB,"Mortality caused by road traffic injury (per 100,000 population)",SH.STA.TRAF.P5,,,,,,,,,,,,,,,,,,,,,,,,,,,,,,,,,,,,,,,,,15.99063983,15.21377884,15.40601309,15.19199616,15.24472454,14.97064805,14.63374976,15.39040192,15.01269489,12.2994733,10.84744577,10.57755231,9.771252728,9.151527835,9.268084332,8.947406067,8.872040718,8.619557552,8.578786413,8.583368013,,,,
Switzerland,CHE,"Mortality caused by road traffic injury (per 100,000 population)",SH.STA.TRAF.P5,,,,,,,,,,,,,,,,,,,,,,,,,,,,,,,,,,,,,,,,,8.5,7.8,7.3,7.7,7.2,5.7,5.1,5.3,4.8,4.7,4.3,4.2,4.4,3.4,3.1,3.1,2.7,2.8,2.8,2.2,,,,
Channel Islands,CHI,"Mortality caused by road traffic injury (per 100,000 population)",SH.STA.TRAF.P5,,,,,,,,,,,,,,,,,,,,,,,,,,,,,,,,,,,,,,,,,,,,,,,,,,,,,,,,,,,,,,,,
Chile,CHL,"Mortality caused by road traffic injury (per 100,000 population)",SH.STA.TRAF.P5,,,,,,,,,,,,,,,,,,,,,,,,,,,,,,,,,,,,,,,,,17.9,16.2,16,18,17.8,17.7,18.7,13.3,14.3,12.4,12.5,12.2,11.7,12.4,12.3,12.3,12.3,14,14,14.9,,,,
China,CHN,"Mortality caused by road traffic injury (per 100,000 population)",SH.STA.TRAF.P5,,,,,,,,,,,,,,,,,,,,,,,,,,,,,,,,,,,,,,,,,21.4,21.9,22.1,21.1,20.5,20.8,20.7,20.9,20.5,20.5,20.3,20.7,20.3,19.6,18.8,18.3,18,17.8,17.6,17.4,,,,
Cote d'Ivoire,CIV,"Mortality caused by road traffic injury (per 100,000 population)",SH.STA.TRAF.P5,,,,,,,,,,,,,,,,,,,,,,,,,,,,,,,,,,,,,,,,,25.4,25.3,25.4,25.9,26.5,26.3,25.8,25.4,25.4,25.5,25.8,25.8,24,23.5,23,23.2,23.4,23.6,23.9,24.1,,,,
Cameroon,CMR,"Mortality caused by road traffic injury (per 100,000 population)",SH.STA.TRAF.P5,,,,,,,,,,,,,,,,,,,,,,,,,,,,,,,,,,,,,,,,,27.4,27.5,27.7,27.4,27.8,28.3,28.1,28.1,28.4,28.5,28.9,29,28.6,28.7,28.9,29,29.5,29.7,29.9,30.2,,,,
"Congo, Dem. Rep.",COD,"Mortality caused by road traffic injury (per 100,000 population)",SH.STA.TRAF.P5,,,,,,,,,,,,,,,,,,,,,,,,,,,,,,,,,,,,,,,,,38.1,38,38.5,38,36.5,36.8,36.6,36,35.8,36.3,36,35.6,34,34,33.6,33.5,33.7,33.2,33,34.9,,,,
"Congo, Rep.",COG,"Mortality caused by road traffic injury (per 100,000 population)",SH.STA.TRAF.P5,,,,,,,,,,,,,,,,,,,,,,,,,,,,,,,,,,,,,,,,,26.3,26.1,25.9,26,25.8,25.5,25.5,26,25.9,26.2,27,27,26.8,27,27.3,27.6,28.2,28.6,29.2,29.7,,,,
Colombia,COL,"Mortality caused by road traffic injury (per 100,000 population)",SH.STA.TRAF.P5,,,,,,,,,,,,,,,,,,,,,,,,,,,,,,,,,,,,,,,,,20,20,19,17.2,17.5,16.9,17.4,17.9,18,17.7,16.2,15.8,16.7,16.7,16.9,18,18.6,17.2,16.3,15.4,,,,
Comoros,COM,"Mortality caused by road traffic injury (per 100,000 population)",SH.STA.TRAF.P5,,,,,,,,,,,,,,,,,,,,,,,,,,,,,,,,,,,,,,,,,26.9,26.8,26.7,26.7,27,26.8,26.5,26.5,26.8,27,27.1,27,26.7,26.6,26.3,26.6,26.5,26.6,26.6,26.6,,,,
Cabo Verde,CPV,"Mortality caused by road traffic injury (per 100,000 population)",SH.STA.TRAF.P5,,,,,,,,,,,,,,,,,,,,,,,,,,,,,,,,,,,,,,,,,22.9,23.4,23.5,24,23.9,23.8,23.2,23.2,22.7,23,23.5,23.5,23.6,24,24.5,25,25.4,25.9,26.3,26.8,,,,
Costa Rica,CRI,"Mortality caused by road traffic injury (per 100,000 population)",SH.STA.TRAF.P5,,,,,,,,,,,,,,,,,,,,,,,,,,,,,,,,,,,,,,,,,17.8,17.3,17,15.4,15.4,14.5,16.4,16.1,16.8,15.9,14,13.3,14.9,13.6,14.2,16.5,16.6,14.7,14.4,14.8,,,,
Caribbean small states,CSS,"Mortality caused by road traffic injury (per 100,000 population)",SH.STA.TRAF.P5,,,,,,,,,,,,,,,,,,,,,,,,,,,,,,,,,,,,,,,,,22.33515365,18.86289599,19.68097969,20.17027966,22.17417579,22.52391603,21.81088957,23.65904042,18.87715202,16.45081515,14.20155797,18.83139959,15.42227108,15.98269397,17.03888266,16.16717044,17.26797372,15.76840525,16.21228084,16.25012103,,,,
Cuba,CUB,"Mortality caused by road traffic injury (per 100,000 population)",SH.STA.TRAF.P5,,,,,,,,,,,,,,,,,,,,,,,,,,,,,,,,,,,,,,,,,15.8,14.2,13.3,11.5,11.4,11.6,9.7,8.6,9.2,8.8,8.3,7.9,8.3,8,8.5,9,8.6,8.7,8.8,8.9,,,,
Curacao,CUW,"Mortality caused by road traffic injury (per 100,000 population)",SH.STA.TRAF.P5,,,,,,,,,,,,,,,,,,,,,,,,,,,,,,,,,,,,,,,,,,,,,,,,,,,,,,,,,,,,,,,,
Cayman Islands,CYM,"Mortality caused by road traffic injury (per 100,000 population)",SH.STA.TRAF.P5,,,,,,,,,,,,,,,,,,,,,,,,,,,,,,,,,,,,,,,,,,,,,,,,,,,,,,,,,,,,,,,,
Cyprus,CYP,"Mortality caused by road traffic injury (per 100,000 population)",SH.STA.TRAF.P5,,,,,,,,,,,,,,,,,,,,,,,,,,,,,,,,,,,,,,,,,12.3,11.8,12.1,11.8,14.6,12.6,9.2,11.1,9.8,9.3,8.2,7.8,6.1,5,5.3,6.7,5.2,6,5.5,5.8,,,,
Czechia,CZE,"Mortality caused by road traffic injury (per 100,000 population)",SH.STA.TRAF.P5,,,,,,,,,,,,,,,,,,,,,,,,,,,,,,,,,,,,,,,,,14.9,13.4,14.4,14.6,13.9,12.9,10.6,12.2,10.6,8.9,7.8,7.5,7.2,6.4,6.7,7.2,5.9,5.6,6.3,5.9,,,,
Germany,DEU,"Mortality caused by road traffic injury (per 100,000 population)",SH.STA.TRAF.P5,,,,,,,,,,,,,,,,,,,,,,,,,,,,,,,,,,,,,,,,,9.6,8.9,8.8,8.4,7.5,6.9,6.6,6.4,5.8,5.3,4.8,5.3,4.7,4.4,4.3,4.4,4,4,4.1,3.8,,,,
Djibouti,DJI,"Mortality caused by road traffic injury (per 100,000 population)",SH.STA.TRAF.P5,,,,,,,,,,,,,,,,,,,,,,,,,,,,,,,,,,,,,,,,,27.5,27.6,27.4,27.8,27.6,28.1,27.9,27.7,27.4,27.9,28.2,25.2,23.6,23.8,23.8,23.9,23.8,23.7,23.6,23.5,,,,
Dominica,DMA,"Mortality caused by road traffic injury (per 100,000 population)",SH.STA.TRAF.P5,,,,,,,,,,,,,,,,,,,,,,,,,,,,,,,,,,,,,,,,,,,,,,,,,,,,,,15.3,,,10.9,,,,,,,
Denmark,DNK,"Mortality caused by road traffic injury (per 100,000 population)",SH.STA.TRAF.P5,,,,,,,,,,,,,,,,,,,,,,,,,,,,,,,,,,,,,,,,,9.6,8.6,8.9,8.3,7,6.5,5.8,7.7,7.6,5.6,5,4.1,3.1,3.5,3.5,3.5,4,3.3,3.2,3.7,,,,
Dominican Republic,DOM,"Mortality caused by road traffic injury (per 100,000 population)",SH.STA.TRAF.P5,,,,,,,,,,,,,,,,,,,,,,,,,,,,,,,,,,,,,,,,,29.4,32.2,36.7,39.2,36,28.9,25.6,24.2,25.9,23.8,27.8,25.7,30.2,40,31.7,32.9,35.4,46.3,53.5,64.6,,,,
Algeria,DZA,"Mortality caused by road traffic injury (per 100,000 population)",SH.STA.TRAF.P5,,,,,,,,,,,,,,,,,,,,,,,,,,,,,,,,,,,,,,,,,22.5,22.7,22.8,22.7,22.5,22.1,22.2,22.3,22.4,22.5,22.3,22.3,21.4,21.1,21.2,21.2,21.1,21,21,20.9,,,,
East Asia & Pacific (excluding high income),EAP,"Mortality caused by road traffic injury (per 100,000 population)",SH.STA.TRAF.P5,,,,,,,,,,,,,,,,,,,,,,,,,,,,,,,,,,,,,,,,,20.8118942,21.13696682,21.31646428,20.56490849,20.14777984,20.30504395,20.18825953,20.28277599,19.97947399,20.03038024,19.93367575,20.13623388,19.70886325,19.1712092,18.47554165,18.19056577,18.02327022,17.95763019,17.77633514,17.67090879,,,,
Early-demographic dividend,EAR,"Mortality caused by road traffic injury (per 100,000 population)",SH.STA.TRAF.P5,,,,,,,,,,,,,,,,,,,,,,,,,,,,,,,,,,,,,,,,,16.84754551,16.73940419,16.8295698,16.91244378,16.93379443,17.13162923,17.34573098,17.23975727,17.39539622,17.3669229,17.37732781,17.51139729,17.28086226,16.90401951,16.47663984,16.35850709,16.21493707,16.13977621,16.27278881,16.34343367,,,,
East Asia & Pacific,EAS,"Mortality caused by road traffic injury (per 100,000 population)",SH.STA.TRAF.P5,,,,,,,,,,,,,,,,,,,,,,,,,,,,,,,,,,,,,,,,,20.25244089,20.40854286,20.46512885,19.74904595,19.28967252,19.37859711,19.22047977,19.15470186,18.82035241,18.85513959,18.73775101,18.87873277,18.48153938,17.95542786,17.29682199,17.0360612,16.86938102,16.79527058,16.59934043,16.5040861,,,,
Europe & Central Asia (excluding high income),ECA,"Mortality caused by road traffic injury (per 100,000 population)",SH.STA.TRAF.P5,,,,,,,,,,,,,,,,,,,,,,,,,,,,,,,,,,,,,,,,,12.03312633,12.7388851,13.11570321,13.71361177,14.45095424,15.83790346,16.20141297,17.45371511,15.35963334,13.36928036,12.96474073,13.96677977,13.6863997,13.38947551,12.39910066,12.24040525,11.86161188,10.91692009,10.11652931,9.586327345,,,,
Europe & Central Asia,ECS,"Mortality caused by road traffic injury (per 100,000 population)",SH.STA.TRAF.P5,,,,,,,,,,,,,,,,,,,,,,,,,,,,,,,,,,,,,,,,,15.0490365,15.12053162,15.14098854,15.09072878,14.70569816,14.56728801,14.16758411,14.47010052,13.08707708,11.36028058,10.58382841,10.87145426,10.48306503,10.04392993,9.742972016,9.227781608,8.539371515,8.105582458,7.79005365,7.437798768,,,,
Ecuador,ECU,"Mortality caused by road traffic injury (per 100,000 population)",SH.STA.TRAF.P5,,,,,,,,,,,,,,,,,,,,,,,,,,,,,,,,,,,,,,,,,13.5,14.8,15,15.1,13.8,17.2,18.5,19.1,19.9,23,24.5,24.7,22.3,22.1,24,23.5,21.2,21.3,20.7,20.1,,,,
"Egypt, Arab Rep.",EGY,"Mortality caused by road traffic injury (per 100,000 population)",SH.STA.TRAF.P5,,,,,,,,,,,,,,,,,,,,,,,,,,,,,,,,,,,,,,,,,11.2,10.7,11.5,12.3,10.7,10.8,11.1,12.8,13.2,12.9,13.7,13,10.2,10.5,12.3,11.7,9.8,10.6,10.3,10.1,,,,
Euro area,EMU,"Mortality caused by road traffic injury (per 100,000 population)",SH.STA.TRAF.P5,,,,,,,,,,,,,,,,,,,,,,,,,,,,,,,,,,,,,,,,,13.16599294,12.76871369,12.19186978,11.20564953,10.301648,9.757597217,9.23744345,8.813052211,7.930054539,7.222285207,6.516853713,6.4714053,5.826026519,5.317233504,5.321711207,5.410318186,5.123660157,5.09899811,5.059049333,4.852257271,,,,
Eritrea,ERI,"Mortality caused by road traffic injury (per 100,000 population)",SH.STA.TRAF.P5,,,,,,,,,,,,,,,,,,,,,,,,,,,,,,,,,,,,,,,,,31.3,31.9,32.8,33.3,33.5,33.9,33.7,33.8,33.9,34,34,33.6,33.7,34.5,35,36.9,37.2,36.9,37.4,37.9,,,,
Spain,ESP,"Mortality caused by road traffic injury (per 100,000 population)",SH.STA.TRAF.P5,,,,,,,,,,,,,,,,,,,,,,,,,,,,,,,,,,,,,,,,,15.4,14.4,13.6,13.4,11.7,10.6,9.6,8.7,6.9,6,5.4,4.7,4.3,4,4.2,4.2,4.1,4.2,4.1,3.9,,,,
Estonia,EST,"Mortality caused by road traffic injury (per 100,000 population)",SH.STA.TRAF.P5,,,,,,,,,,,,,,,,,,,,,,,,,,,,,,,,,,,,,,,,,17.7,16,16.7,13.6,13.9,14.7,19.3,17,12.4,8.8,6.8,8.1,6.8,7.1,6.1,6.4,6.1,4.1,5.7,4.5,,,,
Ethiopia,ETH,"Mortality caused by road traffic injury (per 100,000 population)",SH.STA.TRAF.P5,,,,,,,,,,,,,,,,,,,,,,,,,,,,,,,,,,,,,,,,,24.6,24.5,24.7,25.1,24.8,24.5,23.9,23.5,23.4,23.5,23.3,26,26.2,25.8,25.8,26,26.4,27,27.6,28.2,,,,
European Union,EUU,"Mortality caused by road traffic injury (per 100,000 population)",SH.STA.TRAF.P5,,,,,,,,,,,,,,,,,,,,,,,,,,,,,,,,,,,,,,,,,13.4593867,12.9905148,12.59506327,11.75709373,11.07998553,10.588898,10.07291219,9.960538723,9.239843713,8.174451962,7.309879126,7.21755771,6.534268114,6.048831526,6.055962582,6.045188067,5.841669724,5.755339961,5.733881085,5.573843237,,,,
Fragile and conflict affected situations,FCS,"Mortality caused by road traffic injury (per 100,000 population)",SH.STA.TRAF.P5,,,,,,,,,,,,,,,,,,,,,,,,,,,,,,,,,,,,,,,,,25.46631537,25.97396807,26.24285984,26.06449254,25.75735382,25.77257774,25.73369925,26.03724533,25.69264761,25.26295788,24.89679955,24.44870476,24.41576275,24.38873614,24.6012711,24.69165028,24.96046828,24.80923187,25.13140869,25.57057774,,,,
Finland,FIN,"Mortality caused by road traffic injury (per 100,000 population)",SH.STA.TRAF.P5,,,,,,,,,,,,,,,,,,,,,,,,,,,,,,,,,,,,,,,,,8.1,8.9,8.5,7.9,7.6,7.4,6.6,7.5,6.7,5.7,5.2,5.6,4.9,4.9,4.4,5.1,4.7,4.4,4.5,3.9,,,,
Fiji,FJI,"Mortality caused by road traffic injury (per 100,000 population)",SH.STA.TRAF.P5,,,,,,,,,,,,,,,,,,,,,,,,,,,,,,,,,,,,,,,,,9.7,8,7.5,15.6,13.1,13,15,11,12.5,7.3,9.8,8.8,7.6,6.8,8.1,10.7,9.9,11.1,12.2,13.5,,,,
France,FRA,"Mortality caused by road traffic injury (per 100,000 population)",SH.STA.TRAF.P5,,,,,,,,,,,,,,,,,,,,,,,,,,,,,,,,,,,,,,,,,13.4,13.4,12.5,10.1,8.9,9,7.9,7.7,7.1,7,6.5,6.5,5.9,5.3,5.4,5.5,5.5,5.5,5.2,5.1,,,,
Faroe Islands,FRO,"Mortality caused by road traffic injury (per 100,000 population)",SH.STA.TRAF.P5,,,,,,,,,,,,,,,,,,,,,,,,,,,,,,,,,,,,,,,,,,,,,,,,,,,,,,,,,,,,,,,,
"Micronesia, Fed. Sts.",FSM,"Mortality caused by road traffic injury (per 100,000 population)",SH.STA.TRAF.P5,,,,,,,,,,,,,,,,,,,,,,,,,,,,,,,,,,,,,,,,,14.9,14.9,14.9,15,4.7,0,1.9,2.9,1.9,3.9,2.9,0,0,1.9,0.9,0.9,1.8,0.3,0.2,0.2,,,,
Gabon,GAB,"Mortality caused by road traffic injury (per 100,000 population)",SH.STA.TRAF.P5,,,,,,,,,,,,,,,,,,,,,,,,,,,,,,,,,,,,,,,,,21.2,23.5,23.5,23.1,25.1,22.4,24,24.9,24.2,25.2,24.3,24.3,24.1,23.6,22.8,22.9,23.1,23.9,23.8,23.9,,,,
United Kingdom,GBR,"Mortality caused by road traffic injury (per 100,000 population)",SH.STA.TRAF.P5,,,,,,,,,,,,,,,,,,,,,,,,,,,,,,,,,,,,,,,,,6.9,7,7.1,7.2,6.9,6.6,6.6,5.8,5.2,4.3,3.7,3.4,3,2.9,3.2,2.9,3,3,3,3.2,,,,
Georgia,GEO,"Mortality caused by road traffic injury (per 100,000 population)",SH.STA.TRAF.P5,,,,,,,,,,,,,,,,,,,,,,,,,,,,,,,,,,,,,,,,,11.8,13.4,12.5,13.9,15.5,14.2,16.6,18.2,21.6,18.5,17.2,13.3,15.4,13.1,14.5,15.8,14.9,13.3,11.8,12.4,,,,
Ghana,GHA,"Mortality caused by road traffic injury (per 100,000 population)",SH.STA.TRAF.P5,,,,,,,,,,,,,,,,,,,,,,,,,,,,,,,,,,,,,,,,,25.8,25.8,25.9,25.6,25.4,25.5,24.6,24,23.9,23.9,23.7,23.4,23.3,23.4,24,24.4,24.6,24.9,25.3,25.7,,,,
Gibraltar,GIB,"Mortality caused by road traffic injury (per 100,000 population)",SH.STA.TRAF.P5,,,,,,,,,,,,,,,,,,,,,,,,,,,,,,,,,,,,,,,,,,,,,,,,,,,,,,,,,,,,,,,,
Guinea,GIN,"Mortality caused by road traffic injury (per 100,000 population)",SH.STA.TRAF.P5,,,,,,,,,,,,,,,,,,,,,,,,,,,,,,,,,,,,,,,,,31.1,30.7,30.2,30.3,30.6,30.7,30.7,31.1,30.7,30.6,31,30.6,29.4,29.5,29.8,29.9,29.7,29.8,29.7,29.7,,,,
"Gambia, The",GMB,"Mortality caused by road traffic injury (per 100,000 population)",SH.STA.TRAF.P5,,,,,,,,,,,,,,,,,,,,,,,,,,,,,,,,,,,,,,,,,25.7,25.5,25.8,25.5,25.9,26.2,26.7,26.5,26.6,26.3,26.5,26.8,26.4,26.7,27.3,27.8,28.2,28.6,29.1,29.6,,,,
Guinea-Bissau,GNB,"Mortality caused by road traffic injury (per 100,000 population)",SH.STA.TRAF.P5,,,,,,,,,,,,,,,,,,,,,,,,,,,,,,,,,,,,,,,,,30.7,30.4,30.6,31.6,31.5,31.5,31.4,31.5,31.1,31.3,31.5,31.2,31.1,31.5,32.2,32.1,31.7,32,32.1,32.2,,,,
Equatorial Guinea,GNQ,"Mortality caused by road traffic injury (per 100,000 population)",SH.STA.TRAF.P5,,,,,,,,,,,,,,,,,,,,,,,,,,,,,,,,,,,,,,,,,22.1,20.4,20.3,20.8,19.8,20.1,19.5,19,19.2,19.4,20.8,21.3,22.2,22.2,23,23.8,24.7,25.4,26.3,27.2,,,,
Greece,GRC,"Mortality caused by road traffic injury (per 100,000 population)",SH.STA.TRAF.P5,,,,,,,,,,,,,,,,,,,,,,,,,,,,,,,,,,,,,,,,,19.9,18.2,16.4,15.8,17.5,16.6,16,16.1,15.5,14.9,13.1,12.3,11.3,10.3,9.3,9.3,9.7,8.6,8.3,8.3,,,,
Grenada,GRD,"Mortality caused by road traffic injury (per 100,000 population)",SH.STA.TRAF.P5,,,,,,,,,,,,,,,,,,,,,,,,,,,,,,,,,,,,,,,,,4.9,6.8,7.7,1.9,1.9,12.4,15.2,7.6,11.4,3.8,5.6,8.4,3.7,8.3,4.6,8.2,9.1,7.6,7.8,8,,,,
Greenland,GRL,"Mortality caused by road traffic injury (per 100,000 population)",SH.STA.TRAF.P5,,,,,,,,,,,,,,,,,,,,,,,,,,,,,,,,,,,,,,,,,,,,,,,,,,,,,,,,,,,,,,,,
Guatemala,GTM,"Mortality caused by road traffic injury (per 100,000 population)",SH.STA.TRAF.P5,,,,,,,,,,,,,,,,,,,,,,,,,,,,,,,,,,,,,,,,,6.8,5.6,4.8,4.9,5,4.4,4.6,20.1,16.6,15.7,13.4,11,11.5,13.1,12.8,14,16.6,18.1,20.4,22.9,,,,
Guam,GUM,"Mortality caused by road traffic injury (per 100,000 population)",SH.STA.TRAF.P5,,,,,,,,,,,,,,,,,,,,,,,,,,,,,,,,,,,,,,,,,,,,,,,,,,,,,,,,,,,,,,,,
Guyana,GUY,"Mortality caused by road traffic injury (per 100,000 population)",SH.STA.TRAF.P5,,,,,,,,,,,,,,,,,,,,,,,,,,,,,,,,,,,,,,,,,26.2,24.3,24,28,29.1,28.5,33.2,35.6,23,15.6,18,26.1,20.5,19.8,28.4,24.4,24.6,22.7,22.5,22.3,,,,
High income,HIC,"Mortality caused by road traffic injury (per 100,000 population)",SH.STA.TRAF.P5,,,,,,,,,,,,,,,,,,,,,,,,,,,,,,,,,,,,,,,,,15.70709166,15.36669256,15.28029611,15.0527935,14.55024328,14.16927701,13.71341548,13.23843178,12.19548107,10.92799325,10.32378908,10.26644465,10.117562,9.632260393,9.464008446,9.340602047,9.155763059,9.003254252,8.87903232,8.817401103,,,,
"Hong Kong SAR, China",HKG,"Mortality caused by road traffic injury (per 100,000 population)",SH.STA.TRAF.P5,,,,,,,,,,,,,,,,,,,,,,,,,,,,,,,,,,,,,,,,,,,,,,,,,,,,,,,,,,,,,,,,
Honduras,HND,"Mortality caused by road traffic injury (per 100,000 population)",SH.STA.TRAF.P5,,,,,,,,,,,,,,,,,,,,,,,,,,,,,,,,,,,,,,,,,15.4,15.5,15.9,15.9,15.9,15.8,15.8,15.7,16.1,16.3,16.4,16.3,16.3,16.4,16.1,16,16.4,16.2,16.1,16.1,,,,
Heavily indebted poor countries (HIPC),HPC,"Mortality caused by road traffic injury (per 100,000 population)",SH.STA.TRAF.P5,,,,,,,,,,,,,,,,,,,,,,,,,,,,,,,,,,,,,,,,,28.01034577,27.94272699,27.97895773,27.8708424,27.68276047,27.59004598,27.34056445,26.97567663,26.92704795,26.97329024,26.98862262,26.86934974,26.85827166,26.83181019,26.97780255,27.1566607,27.34978673,27.5744307,27.65099136,28.16358827,,,,
Croatia,HRV,"Mortality caused by road traffic injury (per 100,000 population)",SH.STA.TRAF.P5,,,,,,,,,,,,,,,,,,,,,,,,,,,,,,,,,,,,,,,,,15.2,15.1,14.7,16.5,14.3,14.1,14.5,14.6,15.7,13,10.5,11.1,9.6,9.2,8.2,9.3,8.1,8.7,8.4,7.9,,,,
Haiti,HTI,"Mortality caused by road traffic injury (per 100,000 population)",SH.STA.TRAF.P5,,,,,,,,,,,,,,,,,,,,,,,,,,,,,,,,,,,,,,,,,17.5,18.7,18.9,19.3,18.9,18.5,18.6,18.5,18.4,18.2,18.7,18.7,17.9,17.7,17.9,18,18.3,18.4,18.6,18.8,,,,
Hungary,HUN,"Mortality caused by road traffic injury (per 100,000 population)",SH.STA.TRAF.P5,,,,,,,,,,,,,,,,,,,,,,,,,,,,,,,,,,,,,,,,,12.7,13.5,16.1,15.1,15.2,14.8,15.3,14.7,12.3,10.4,9.2,8.5,8.2,7.8,8,7.8,7.8,8,8.1,7.7,,,,
IBRD only,IBD,"Mortality caused by road traffic injury (per 100,000 population)",SH.STA.TRAF.P5,,,,,,,,,,,,,,,,,,,,,,,,,,,,,,,,,,,,,,,,,19.44861178,19.58864813,19.74065405,19.45189516,19.20074815,19.37390897,19.48063363,19.6038382,19.42408284,19.07142529,19.01186982,19.10340839,18.87080971,18.26250499,17.67747121,17.19524619,16.86253888,16.67519123,16.60518783,16.48289958,,,,
IDA & IBRD total,IBT,"Mortality caused by road traffic injury (per 100,000 population)",SH.STA.TRAF.P5,,,,,,,,,,,,,,,,,,,,,,,,,,,,,,,,,,,,,,,,,20.10154284,20.25139564,20.4286184,20.22623685,20.06780297,20.22406874,20.24588525,20.29880244,20.15669428,19.93844117,19.89787234,19.90566563,19.66350142,19.22129611,18.81939264,18.51711715,18.34069028,18.20224091,18.1701507,18.17275417,,,,
IDA total,IDA,"Mortality caused by road traffic injury (per 100,000 population)",SH.STA.TRAF.P5,,,,,,,,,,,,,,,,,,,,,,,,,,,,,,,,,,,,,,,,,22.43598872,22.59062383,22.82430841,22.88683722,23.00878828,23.0709135,22.7744675,22.56398748,22.51368247,22.69183333,22.6732475,22.38553394,22.0849194,22.11887089,22.23469048,22.42762957,22.66207952,22.61136575,22.62858228,22.91865548,,,,
IDA blend,IDB,"Mortality caused by road traffic injury (per 100,000 population)",SH.STA.TRAF.P5,,,,,,,,,,,,,,,,,,,,,,,,,,,,,,,,,,,,,,,,,20.99898342,21.14369191,21.2713984,20.97375015,21.02243553,20.92382639,20.41443754,20.27492944,20.12057294,20.48497828,20.38318981,19.55227623,19.00762059,19.04154684,18.91355236,18.9250214,19.00328843,18.86467711,18.72961394,18.77420713,,,,
Indonesia,IDN,"Mortality caused by road traffic injury (per 100,000 population)",SH.STA.TRAF.P5,,,,,,,,,,,,,,,,,,,,,,,,,,,,,,,,,,,,,,,,,14.5,14.6,14.8,14.5,14.4,14.3,14.2,13.7,13.5,13.9,13.7,13.8,13,12.9,12.7,12.3,12.1,11.8,11.6,11.3,,,,
IDA only,IDX,"Mortality caused by road traffic injury (per 100,000 population)",SH.STA.TRAF.P5,,,,,,,,,,,,,,,,,,,,,,,,,,,,,,,,,,,,,,,,,23.15774795,23.32015446,23.60717258,23.8498318,24.00852481,24.15125703,23.96138107,23.71555222,23.7193203,23.80585143,23.83197951,23.82107759,23.64359345,23.67679723,23.91419404,24.19505943,24.50194069,24.48866347,24.57654551,24.98306704,,,,
Isle of Man,IMN,"Mortality caused by road traffic injury (per 100,000 population)",SH.STA.TRAF.P5,,,,,,,,,,,,,,,,,,,,,,,,,,,,,,,,,,,,,,,,,,,,,,,,,,,,,,,,,,,,,,,,
India,IND,"Mortality caused by road traffic injury (per 100,000 population)",SH.STA.TRAF.P5,,,,,,,,,,,,,,,,,,,,,,,,,,,,,,,,,,,,,,,,,16.9,16.6,16.3,15.8,15.6,15.9,16.3,16.7,17.1,17,17.2,17.4,17.6,17,16.1,15.6,15.3,15.2,15.5,15.6,,,,
Not classified,INX,"Mortality caused by road traffic injury (per 100,000 population)",SH.STA.TRAF.P5,,,,,,,,,,,,,,,,,,,,,,,,,,,,,,,,,,,,,,,,,,,,,,,,,,,,,,,,,,,,,,,,
Ireland,IRL,"Mortality caused by road traffic injury (per 100,000 population)",SH.STA.TRAF.P5,,,,,,,,,,,,,,,,,,,,,,,,,,,,,,,,,,,,,,,,,11.4,11.1,10,8.7,9.6,9.9,8.9,8,6.5,6,4.8,4.2,3.6,4.2,4.3,3.6,4.1,3.4,3,3.1,,,,
"Iran, Islamic Rep.",IRN,"Mortality caused by road traffic injury (per 100,000 population)",SH.STA.TRAF.P5,,,,,,,,,,,,,,,,,,,,,,,,,,,,,,,,,,,,,,,,,26.8,30.6,33.5,38.9,39,41,40.3,33.1,33.4,32.5,32.5,27.7,26.1,24.3,22.5,21.8,20.6,20.7,21.7,21.5,,,,
Iraq,IRQ,"Mortality caused by road traffic injury (per 100,000 population)",SH.STA.TRAF.P5,,,,,,,,,,,,,,,,,,,,,,,,,,,,,,,,,,,,,,,,,20.7,20.6,20.9,22,21.1,19.3,19.6,20.2,21.1,21,20.9,18.5,18.8,18,20.5,20.5,20.4,20.4,27.1,27.3,,,,
Iceland,ISL,"Mortality caused by road traffic injury (per 100,000 population)",SH.STA.TRAF.P5,,,,,,,,,,,,,,,,,,,,,,,,,,,,,,,,,,,,,,,,,11.8,9.6,10.5,8.4,8.3,6.8,10.8,4.9,4.5,5.7,2.6,4.3,3.4,4.9,1.8,4.8,6.6,5.5,7,2,,,,
Israel,ISR,"Mortality caused by road traffic injury (per 100,000 population)",SH.STA.TRAF.P5,,,,,,,,,,,,,,,,,,,,,,,,,,,,,,,,,,,,,,,,,8,9.2,8.7,7.4,7.7,7.1,6.4,5.8,5.9,4.5,4.9,4.7,3.6,3.7,3.6,4.2,4.3,4,3.4,3.9,,,,
Italy,ITA,"Mortality caused by road traffic injury (per 100,000 population)",SH.STA.TRAF.P5,,,,,,,,,,,,,,,,,,,,,,,,,,,,,,,,,,,,,,,,,13.9,13.9,13.3,11.8,10.9,10.3,10.3,9.7,8.9,8,7.3,7.2,6.5,5.8,5.8,5.9,5.5,5.7,5.6,5.3,,,,
Jamaica,JAM,"Mortality caused by road traffic injury (per 100,000 population)",SH.STA.TRAF.P5,,,,,,,,,,,,,,,,,,,,,,,,,,,,,,,,,,,,,,,,,12.5,13.4,14.5,13.6,12.4,12.4,14.1,12.7,12.4,12.7,11.4,12.9,9.1,10.7,11.5,13.3,13.1,13.5,14.3,15.1,,,,
Jordan,JOR,"Mortality caused by road traffic injury (per 100,000 population)",SH.STA.TRAF.P5,,,,,,,,,,,,,,,,,,,,,,,,,,,,,,,,,,,,,,,,,23.2,23.3,23.4,22.9,22.8,22.6,22.3,22.2,21.9,22.3,22.4,25.3,23.7,23.9,23.9,24,24.1,21.5,17.6,17,,,,
Japan,JPN,"Mortality caused by road traffic injury (per 100,000 population)",SH.STA.TRAF.P5,,,,,,,,,,,,,,,,,,,,,,,,,,,,,,,,,,,,,,,,,12.5,12.1,11.3,10.6,10.1,9.4,8.6,6.2,5.5,5.4,5.3,5,4.8,4.5,4.2,4.2,4.1,3.9,3.7,3.6,,,,
Kazakhstan,KAZ,"Mortality caused by road traffic injury (per 100,000 population)",SH.STA.TRAF.P5,,,,,,,,,,,,,,,,,,,,,,,,,,,,,,,,,,,,,,,,,14.2,16.2,16.6,18.8,25.4,31.1,39.8,39.5,29.2,25.6,25.9,24,23.6,22.8,19.3,18.4,17.7,13.9,13.8,12.7,,,,
Kenya,KEN,"Mortality caused by road traffic injury (per 100,000 population)",SH.STA.TRAF.P5,,,,,,,,,,,,,,,,,,,,,,,,,,,,,,,,,,,,,,,,,26.4,26.5,26.5,26.2,25.9,26.3,25.8,25.8,25.9,26.1,25.7,25.7,26.6,26.4,26.6,27.3,27.4,27.7,28,28.3,,,,
Kyrgyz Republic,KGZ,"Mortality caused by road traffic injury (per 100,000 population)",SH.STA.TRAF.P5,,,,,,,,,,,,,,,,,,,,,,,,,,,,,,,,,,,,,,,,,12.4,14.2,14.6,17.9,18.7,17.6,20.5,21.8,21.8,19.9,18,19.3,19.1,20.2,17.3,17.5,15.1,16.5,12.8,12.7,,,,
Cambodia,KHM,"Mortality caused by road traffic injury (per 100,000 population)",SH.STA.TRAF.P5,,,,,,,,,,,,,,,,,,,,,,,,,,,,,,,,,,,,,,,,,17.9,17.6,17.7,17.6,17.6,17.9,17.9,17.4,17.7,17.9,18.1,18,17,17.1,17.3,17.4,17.8,18.4,19,19.6,,,,
Kiribati,KIR,"Mortality caused by road traffic injury (per 100,000 population)",SH.STA.TRAF.P5,,,,,,,,,,,,,,,,,,,,,,,,,,,,,,,,,,,,,,,,,8.3,7,8,19.1,18.8,10.8,18,6.2,2,5,5.8,1.9,5.6,0.9,4.6,3.6,4.4,2.4,2.1,1.9,,,,
St. Kitts and Nevis,KNA,"Mortality caused by road traffic injury (per 100,000 population)",SH.STA.TRAF.P5,,,,,,,,,,,,,,,,,,,,,,,,,,,,,,,,,,,,,,,,,,,,,,,,,,,,,,,,,,,,,,,,
"Korea, Rep.",KOR,"Mortality caused by road traffic injury (per 100,000 population)",SH.STA.TRAF.P5,,,,,,,,,,,,,,,,,,,,,,,,,,,,,,,,,,,,,,,,,25.6,21,18.6,18.8,16.6,16.1,15.9,15.4,15,14.7,13.7,12.8,12.7,11.8,10.9,10.6,9.8,9.5,8.6,8.6,,,,
Kuwait,KWT,"Mortality caused by road traffic injury (per 100,000 population)",SH.STA.TRAF.P5,,,,,,,,,,,,,,,,,,,,,,,,,,,,,,,,,,,,,,,,,26.1,23.6,23.5,26,25.4,29.5,29,29.5,28.5,25.6,20.1,22.1,24.7,21.6,19,18.8,18.1,17.1,16.2,15.4,,,,
Latin America & Caribbean (excluding high income),LAC,"Mortality caused by road traffic injury (per 100,000 population)",SH.STA.TRAF.P5,,,,,,,,,,,,,,,,,,,,,,,,,,,,,,,,,,,,,,,,,17.10944537,17.28722226,17.47944896,17.37320749,17.91707237,18.06725518,18.16788682,18.44186938,18.85400761,18.53582608,18.79149405,18.94167817,19.10081489,18.45784147,18.43361681,17.67694559,17.42953039,17.05867636,16.54475554,16.34669303,,,,
Lao PDR,LAO,"Mortality caused by road traffic injury (per 100,000 population)",SH.STA.TRAF.P5,,,,,,,,,,,,,,,,,,,,,,,,,,,,,,,,,,,,,,,,,13.8,13.4,13.6,13.7,13.8,14,13.9,14.2,14.1,14.2,14.3,14,14.2,14.3,16.4,15.2,16.4,16.8,17.3,17.9,,,,
Lebanon,LBN,"Mortality caused by road traffic injury (per 100,000 population)",SH.STA.TRAF.P5,,,,,,,,,,,,,,,,,,,,,,,,,,,,,,,,,,,,,,,,,19.2,18.8,18.3,18.1,17.5,17,16.4,14.9,14.8,14.8,14.6,14.8,15.9,16,16.1,16.2,16.2,16.3,16.3,16.4,,,,
Liberia,LBR,"Mortality caused by road traffic injury (per 100,000 population)",SH.STA.TRAF.P5,,,,,,,,,,,,,,,,,,,,,,,,,,,,,,,,,,,,,,,,,35.5,35.4,34.8,37.5,37.3,36.5,34.7,33.6,33.9,33.4,33.1,32.9,34,34.1,34.8,35.2,36.1,37,37.9,38.9,,,,
Libya,LBY,"Mortality caused by road traffic injury (per 100,000 population)",SH.STA.TRAF.P5,,,,,,,,,,,,,,,,,,,,,,,,,,,,,,,,,,,,,,,,,20.6,21.1,21.5,21.1,21.2,21.1,21.3,21.2,21.1,21.9,22,26.2,22.3,23,23.6,24.3,25.2,21.3,18.7,21.3,,,,
St. Lucia,LCA,"Mortality caused by road traffic injury (per 100,000 population)",SH.STA.TRAF.P5,,,,,,,,,,,,,,,,,,,,,,,,,,,,,,,,,,,,,,,,,19.8,15.8,23.8,17.4,20.4,13.5,6,16.7,3.5,18.4,9.7,24.5,9.1,18,12.9,19,35,23.8,26.7,29.8,,,,
Latin America & Caribbean,LCN,"Mortality caused by road traffic injury (per 100,000 population)",SH.STA.TRAF.P5,,,,,,,,,,,,,,,,,,,,,,,,,,,,,,,,,,,,,,,,,17.61456191,17.84106274,17.98295767,17.84402803,18.37127871,18.45206565,18.77680378,19.16072661,19.61338519,19.20686992,19.16558033,19.24877045,19.57920452,19.06088187,19.0012507,18.32465546,18.11582998,17.91747452,17.44557151,17.28193137,,,,
Least developed countries: UN classification,LDC,"Mortality caused by road traffic injury (per 100,000 population)",SH.STA.TRAF.P5,,,,,,,,,,,,,,,,,,,,,,,,,,,,,,,,,,,,,,,,,23.58537758,23.7666794,24.0999452,24.30848653,24.49141228,24.65513741,24.41434048,24.18692593,24.18612237,24.35514378,24.35837269,24.32336018,24.14996088,24.15411865,24.39560806,24.63263154,24.94800743,25.09886133,25.1903977,25.62677571,,,,
Low income,LIC,"Mortality caused by road traffic injury (per 100,000 population)",SH.STA.TRAF.P5,,,,,,,,,,,,,,,,,,,,,,,,,,,,,,,,,,,,,,,,,27.83700288,27.72220599,27.79854532,27.86024849,27.59974275,27.48574069,27.28406015,27.07505549,27.06005669,27.13069092,27.07958555,27.14683371,27.06847338,27.10426971,27.41436534,27.73481094,28.14332927,27.97954211,28.0830863,28.65550041,,,,
Liechtenstein,LIE,"Mortality caused by road traffic injury (per 100,000 population)",SH.STA.TRAF.P5,,,,,,,,,,,,,,,,,,,,,,,,,,,,,,,,,,,,,,,,,,,,,,,,,,,,,,,,,,,,,,,,
Sri Lanka,LKA,"Mortality caused by road traffic injury (per 100,000 population)",SH.STA.TRAF.P5,,,,,,,,,,,,,,,,,,,,,,,,,,,,,,,,,,,,,,,,,15.1,15.3,15.1,15,14.7,14.9,14.4,14.4,14.2,14.3,14.2,14.1,12.9,12.6,12.1,13.9,14.7,16.3,17.9,19.7,,,,
Lower middle income,LMC,"Mortality caused by road traffic injury (per 100,000 population)",SH.STA.TRAF.P5,,,,,,,,,,,,,,,,,,,,,,,,,,,,,,,,,,,,,,,,,17.91640019,17.84269268,17.85041,17.6366169,17.61489933,17.810868,17.88836517,18.07057932,18.25390961,18.30972593,18.48464392,18.3010601,18.14349283,17.83608796,17.45016878,17.30925594,17.15564906,17.18206448,17.31298728,17.42420181,,,,
Low & middle income,LMY,"Mortality caused by road traffic injury (per 100,000 population)",SH.STA.TRAF.P5,,,,,,,,,,,,,,,,,,,,,,,,,,,,,,,,,,,,,,,,,19.90955061,20.04242217,20.21254853,19.97014368,19.83183289,20.03733359,20.07640809,20.0861248,19.99693086,19.91250253,19.94706593,19.94644162,19.67972704,19.23320063,18.83084848,18.58859714,18.46551113,18.33771765,18.31968518,18.33767329,,,,
Lesotho,LSO,"Mortality caused by road traffic injury (per 100,000 population)",SH.STA.TRAF.P5,,,,,,,,,,,,,,,,,,,,,,,,,,,,,,,,,,,,,,,,,27,27.1,28,28.1,27.2,27.6,27.8,27.8,27.6,27.7,27.7,27.4,28.5,28.8,29.5,30.1,30.8,42.6,31.6,31.9,,,,
Late-demographic dividend,LTE,"Mortality caused by road traffic injury (per 100,000 population)",SH.STA.TRAF.P5,,,,,,,,,,,,,,,,,,,,,,,,,,,,,,,,,,,,,,,,,21.91962095,22.30135753,22.5545628,22.01771654,21.74642083,21.88510289,21.74900703,21.98708773,21.54110168,21.06547616,20.96749045,21.20498732,20.90427459,20.20054292,19.55219931,18.83591945,18.43915146,18.17958986,17.78150155,17.51096121,,,,
Lithuania,LTU,"Mortality caused by road traffic injury (per 100,000 population)",SH.STA.TRAF.P5,,,,,,,,,,,,,,,,,,,,,,,,,,,,,,,,,,,,,,,,,22.8,22,22.7,23.5,23.6,25.6,26.7,26.6,18.3,13.6,12.1,11.8,12.9,9.7,11.2,10.5,8.1,8.2,7.5,8.1,,,,
Luxembourg,LUX,"Mortality caused by road traffic injury (per 100,000 population)",SH.STA.TRAF.P5,,,,,,,,,,,,,,,,,,,,,,,,,,,,,,,,,,,,,,,,,17.9,16.4,14.4,12.3,11.5,10.5,9.4,9.7,7.4,9.9,6.5,6.5,6.4,8.3,6.5,6.5,6.2,4.8,6.7,4.1,,,,
Latvia,LVA,"Mortality caused by road traffic injury (per 100,000 population)",SH.STA.TRAF.P5,,,,,,,,,,,,,,,,,,,,,,,,,,,,,,,,,,,,,,,,,29.2,25.9,25.8,24.6,23.5,21.4,20,20.1,18.5,12.3,11.8,9,10.1,9.9,12.4,11.2,9.3,8.1,9.1,8.1,,,,
"Macao SAR, China",MAC,"Mortality caused by road traffic injury (per 100,000 population)",SH.STA.TRAF.P5,,,,,,,,,,,,,,,,,,,,,,,,,,,,,,,,,,,,,,,,,,,,,,,,,,,,,,,,,,,,,,,,
St. Martin (French part),MAF,"Mortality caused by road traffic injury (per 100,000 population)",SH.STA.TRAF.P5,,,,,,,,,,,,,,,,,,,,,,,,,,,,,,,,,,,,,,,,,,,,,,,,,,,,,,,,,,,,,,,,
Morocco,MAR,"Mortality caused by road traffic injury (per 100,000 population)",SH.STA.TRAF.P5,,,,,,,,,,,,,,,,,,,,,,,,,,,,,,,,,,,,,,,,,23.9,23.8,24,24.1,23.8,24,23.9,23.8,23.7,23.7,23.4,20.9,20.3,20.1,19.8,19.7,19.7,19.1,17.7,17,,,,
Monaco,MCO,"Mortality caused by road traffic injury (per 100,000 population)",SH.STA.TRAF.P5,,,,,,,,,,,,,,,,,,,,,,,,,,,,,,,,,,,,,,,,,,,,,,,,,,,,,,0,,,,,,,,,,
Moldova,MDA,"Mortality caused by road traffic injury (per 100,000 population)",SH.STA.TRAF.P5,,,,,,,,,,,,,,,,,,,,,,,,,,,,,,,,,,,,,,,,,13.6,15.8,15.6,15.9,16.7,15.5,14.8,17,16.3,13.8,13.2,13.6,13.8,10.8,11.3,10.4,9.7,8.5,7.7,7.3,,,,
Madagascar,MDG,"Mortality caused by road traffic injury (per 100,000 population)",SH.STA.TRAF.P5,,,,,,,,,,,,,,,,,,,,,,,,,,,,,,,,,,,,,,,,,26.6,26.1,26.8,26.4,26.4,25.9,25.7,25.6,25.5,26.3,26.7,27,27.4,27.7,28.1,28.3,28.6,28.8,29,29.2,,,,
Maldives,MDV,"Mortality caused by road traffic injury (per 100,000 population)",SH.STA.TRAF.P5,,,,,,,,,,,,,,,,,,,,,,,,,,,,,,,,,,,,,,,,,1.8,0.7,2,0.7,1.6,5,2.5,3.6,2.1,2.6,3,2.4,1.3,2.9,2.5,2.6,0.9,1.8,1.7,1.6,,,,
Middle East & North Africa,MEA,"Mortality caused by road traffic injury (per 100,000 population)",SH.STA.TRAF.P5,,,,,,,,,,,,,,,,,,,,,,,,,,,,,,,,,,,,,,,,,20.03482115,20.67092458,21.52793184,22.94352514,22.8165149,23.25360993,23.1136486,22.15657642,22.37593591,21.98309173,22.07394339,20.91069731,19.73415761,19.23786178,19.46645049,19.40745856,18.93182474,18.64250894,19.23959853,19.19014712,,,,
Mexico,MEX,"Mortality caused by road traffic injury (per 100,000 population)",SH.STA.TRAF.P5,,,,,,,,,,,,,,,,,,,,,,,,,,,,,,,,,,,,,,,,,14.2,14,14.4,15,15,15.6,15.6,14.1,15.4,15.8,14.5,14.4,14.6,13.3,13.3,13.6,13.6,13.1,13,12.8,,,,
Marshall Islands,MHL,"Mortality caused by road traffic injury (per 100,000 population)",SH.STA.TRAF.P5,,,,,,,,,,,,,,,,,,,,,,,,,,,,,,,,,,,,,,,,,,,,,,,,,,,,,,5.7,,,,,,,,,,
Middle income,MIC,"Mortality caused by road traffic injury (per 100,000 population)",SH.STA.TRAF.P5,,,,,,,,,,,,,,,,,,,,,,,,,,,,,,,,,,,,,,,,,19.23188095,19.37788088,19.54564806,19.26472347,19.12655206,19.35031508,19.39992987,19.41859236,19.31111536,19.20010055,19.23169599,19.21281185,18.91585247,18.40913616,17.92107184,17.60637931,17.41175189,17.27080137,17.22176088,17.15695677,,,,
North Macedonia,MKD,"Mortality caused by road traffic injury (per 100,000 population)",SH.STA.TRAF.P5,,,,,,,,,,,,,,,,,,,,,,,,,,,,,,,,,,,,,,,,,8.2,5.4,8.8,6.4,7.8,7.1,7,8.6,8.1,8,8.1,8.5,6.6,9.8,6.4,7.4,6.4,6.1,5.2,5.1,,,,
Mali,MLI,"Mortality caused by road traffic injury (per 100,000 population)",SH.STA.TRAF.P5,,,,,,,,,,,,,,,,,,,,,,,,,,,,,,,,,,,,,,,,,25.6,24.8,24.8,24.5,24.5,24.1,23.9,23.8,24,24.2,24.2,24,23.7,23.7,23.4,23.2,23.1,23,22.9,22.7,,,,
Malta,MLT,"Mortality caused by road traffic injury (per 100,000 population)",SH.STA.TRAF.P5,,,,,,,,,,,,,,,,,,,,,,,,,,,,,,,,,,,,,,,,,4.6,4.8,4,4.5,3.5,4.2,2.5,3.9,4.3,5.3,3.9,4.8,2.8,4.7,2.3,2.8,6,4.9,4.6,4.1,,,,
Myanmar,MMR,"Mortality caused by road traffic injury (per 100,000 population)",SH.STA.TRAF.P5,,,,,,,,,,,,,,,,,,,,,,,,,,,,,,,,,,,,,,,,,20.9,20.6,20.4,20.1,19.7,19.3,19,19,19.2,19.1,19.1,19,19.5,19.5,19.6,19.7,19.9,20,20.2,20.4,,,,
Middle East & North Africa (excluding high income),MNA,"Mortality caused by road traffic injury (per 100,000 population)",SH.STA.TRAF.P5,,,,,,,,,,,,,,,,,,,,,,,,,,,,,,,,,,,,,,,,,20.53089472,21.2414216,22.09984925,23.66623606,23.14381927,23.40771972,23.35727679,22.1962242,22.45291382,22.22192407,22.35236403,20.83803816,19.41266275,19.00153369,19.46689511,19.3424991,18.60260822,18.24391158,18.78639676,18.57307263,,,,
Montenegro,MNE,"Mortality caused by road traffic injury (per 100,000 population)",SH.STA.TRAF.P5,,,,,,,,,,,,,,,,,,,,,,,,,,,,,,,,,,,,,,,,,14.2,17.6,13.7,14.2,15.3,15.9,14.2,20.3,18.5,16.5,15.7,9.6,7.5,12.1,10.7,8.5,10.7,10.4,7.8,7.6,,,,
Mongolia,MNG,"Mortality caused by road traffic injury (per 100,000 population)",SH.STA.TRAF.P5,,,,,,,,,,,,,,,,,,,,,,,,,,,,,,,,,,,,,,,,,15.9,15.9,22,15.8,21.1,21.7,21.7,22.3,19.6,17.5,18.6,20.3,21.6,20.7,23.8,19.4,16.3,20.8,20.9,21,,,,
Northern Mariana Islands,MNP,"Mortality caused by road traffic injury (per 100,000 population)",SH.STA.TRAF.P5,,,,,,,,,,,,,,,,,,,,,,,,,,,,,,,,,,,,,,,,,,,,,,,,,,,,,,,,,,,,,,,,
Mozambique,MOZ,"Mortality caused by road traffic injury (per 100,000 population)",SH.STA.TRAF.P5,,,,,,,,,,,,,,,,,,,,,,,,,,,,,,,,,,,,,,,,,34,33.9,33.9,33.5,33.1,32.3,32,31.2,31.4,31,30.7,30.4,30.4,30.3,30.4,30.7,31.1,30.2,30.1,30,,,,
Mauritania,MRT,"Mortality caused by road traffic injury (per 100,000 population)",SH.STA.TRAF.P5,,,,,,,,,,,,,,,,,,,,,,,,,,,,,,,,,,,,,,,,,26.1,25.9,25.9,25.8,26.7,26.5,26,25.7,26.3,26.2,26.4,26.1,25.4,25.5,25.6,25.8,25.6,25.7,25.6,25.6,,,,
Mauritius,MUS,"Mortality caused by road traffic injury (per 100,000 population)",SH.STA.TRAF.P5,,,,,,,,,,,,,,,,,,,,,,,,,,,,,,,,,,,,,,,,,16.1,14,18.9,15.4,15.4,11.6,12.5,12.7,15.3,12.1,13.3,15,14,12.2,13.1,13.8,13.7,12.5,12.4,12.2,,,,
Malawi,MWI,"Mortality caused by road traffic injury (per 100,000 population)",SH.STA.TRAF.P5,,,,,,,,,,,,,,,,,,,,,,,,,,,,,,,,,,,,,,,,,31.2,32.4,33.2,32.6,32.9,32.9,32.4,31.8,31.3,30.9,30.6,30.2,31.5,31.8,32.1,32.4,32.6,32.8,33.1,33.4,,,,
Malaysia,MYS,"Mortality caused by road traffic injury (per 100,000 population)",SH.STA.TRAF.P5,,,,,,,,,,,,,,,,,,,,,,,,,,,,,,,,,,,,,,,,,26.8,25.4,25.1,26.2,25.5,24.9,24.7,24.2,24.7,25.1,25.1,24.7,24.5,24.2,23,22.8,24,22.9,22.7,22.5,,,,
North America,NAC,"Mortality caused by road traffic injury (per 100,000 population)",SH.STA.TRAF.P5,,,,,,,,,,,,,,,,,,,,,,,,,,,,,,,,,,,,,,,,,15.12129812,15.06189222,15.56098819,15.32142125,15.12138023,15.0900862,14.96028993,14.30939405,12.86779292,11.61590316,11.26419584,11.07387705,11.38217359,10.89048077,10.74919127,11.46893689,12.1861939,12.07246779,11.86651572,11.93930033,,,,
Namibia,NAM,"Mortality caused by road traffic injury (per 100,000 population)",SH.STA.TRAF.P5,,,,,,,,,,,,,,,,,,,,,,,,,,,,,,,,,,,,,,,,,22.5,22.8,23.2,22.8,22,21.9,23.6,21.5,21.3,26.8,26.2,23.9,28.1,30.3,31.1,32,32,33.3,34,34.8,,,,
New Caledonia,NCL,"Mortality caused by road traffic injury (per 100,000 population)",SH.STA.TRAF.P5,,,,,,,,,,,,,,,,,,,,,,,,,,,,,,,,,,,,,,,,,,,,,,,,,,,,,,,,,,,,,,,,
Niger,NER,"Mortality caused by road traffic injury (per 100,000 population)",SH.STA.TRAF.P5,,,,,,,,,,,,,,,,,,,,,,,,,,,,,,,,,,,,,,,,,28.4,28.1,28.3,28,27.9,27.5,27.6,27.3,27.2,27.3,27.3,27.3,26.2,26.1,26.1,26.1,26,25.8,25.7,25.5,,,,
Nigeria,NGA,"Mortality caused by road traffic injury (per 100,000 population)",SH.STA.TRAF.P5,,,,,,,,,,,,,,,,,,,,,,,,,,,,,,,,,,,,,,,,,29.2,29.6,29.8,28.6,27.6,27,26.4,25.9,25.1,25.3,25.1,22.5,22.1,22,21.9,21.4,21.4,21.1,20.9,20.7,,,,
Nicaragua,NIC,"Mortality caused by road traffic injury (per 100,000 population)",SH.STA.TRAF.P5,,,,,,,,,,,,,,,,,,,,,,,,,,,,,,,,,,,,,,,,,16.3,16,15.8,16,15.9,16.1,16.2,14.4,14.3,14.4,14.5,14.3,15.2,13.7,16.2,16.1,16.1,16.3,16.6,16.9,,,,
Netherlands,NLD,"Mortality caused by road traffic injury (per 100,000 population)",SH.STA.TRAF.P5,,,,,,,,,,,,,,,,,,,,,,,,,,,,,,,,,,,,,,,,,7.5,7,6.8,6.9,5.6,5.1,5.1,4.9,4.7,4.5,4,4.1,4,3.5,3.5,3.8,3.8,3.7,4.1,4,,,,
Norway,NOR,"Mortality caused by road traffic injury (per 100,000 population)",SH.STA.TRAF.P5,,,,,,,,,,,,,,,,,,,,,,,,,,,,,,,,,,,,,,,,,8,6.6,7.4,6.7,6.3,5.3,5.3,5.1,5.5,4.6,4.4,3.5,3,3.8,3,2.6,2.7,2.1,2.1,2.1,,,,
Nepal,NPL,"Mortality caused by road traffic injury (per 100,000 population)",SH.STA.TRAF.P5,,,,,,,,,,,,,,,,,,,,,,,,,,,,,,,,,,,,,,,,,15.5,15.3,15.3,15.4,15.9,16,15.9,16,15.9,15.7,15.8,16.1,15.7,15.7,15.9,16.3,17,16.2,16.2,16.3,,,,
Nauru,NRU,"Mortality caused by road traffic injury (per 100,000 population)",SH.STA.TRAF.P5,,,,,,,,,,,,,,,,,,,,,,,,,,,,,,,,,,,,,,,,,,,,,,,,,,,,,,,,,,,,,,,,
New Zealand,NZL,"Mortality caused by road traffic injury (per 100,000 population)",SH.STA.TRAF.P5,,,,,,,,,,,,,,,,,,,,,,,,,,,,,,,,,,,,,,,,,12.3,12,11.3,12.2,11.2,10.3,10.1,10.5,9.2,9.6,9.3,7.3,7.6,6.2,7.2,7.7,7.8,9,8.9,9.6,,,,
OECD members,OED,"Mortality caused by road traffic injury (per 100,000 population)",SH.STA.TRAF.P5,,,,,,,,,,,,,,,,,,,,,,,,,,,,,,,,,,,,,,,,,13.93290922,13.36289897,13.19106162,12.74969591,12.31713665,12.02740333,11.7567693,11.06967753,10.35630113,9.637524063,9.075126749,9.147664272,9.001106247,8.510469632,8.396668348,8.654022795,8.752047919,8.584042944,8.380239942,8.220738101,,,,
Oman,OMN,"Mortality caused by road traffic injury (per 100,000 population)",SH.STA.TRAF.P5,,,,,,,,,,,,,,,,,,,,,,,,,,,,,,,,,,,,,,,,,22.4,22.4,25.6,25,26.9,28.3,27.2,31,35.6,35.5,27.8,33.5,33.6,25,20.9,16.3,15.9,14.1,13.6,10.6,,,,
Other small states,OSS,"Mortality caused by road traffic injury (per 100,000 population)",SH.STA.TRAF.P5,,,,,,,,,,,,,,,,,,,,,,,,,,,,,,,,,,,,,,,,,17.19671983,17.24634452,17.79814084,16.70795643,17.37681341,17.06091861,17.58572239,17.36458098,16.41876819,15.70959968,15.10783345,15.20392491,14.1423187,14.13334515,13.55503764,14.083056,14.3217264,13.71786588,13.66869579,13.38549048,,,,
Pakistan,PAK,"Mortality caused by road traffic injury (per 100,000 population)",SH.STA.TRAF.P5,,,,,,,,,,,,,,,,,,,,,,,,,,,,,,,,,,,,,,,,,14,14,14.1,14,14.4,14.4,14.1,14.1,14.2,14.5,14.7,14.8,13.8,13.7,13.5,13.5,13.5,13.3,13.1,13,,,,
Panama,PAN,"Mortality caused by road traffic injury (per 100,000 population)",SH.STA.TRAF.P5,,,,,,,,,,,,,,,,,,,,,,,,,,,,,,,,,,,,,,,,,15.4,15.4,15.7,15.4,13.9,13.8,16,14.7,15.4,13.6,13.2,14,14.1,12.9,14.2,14.2,14.2,13.4,13.9,13.9,,,,
Peru,PER,"Mortality caused by road traffic injury (per 100,000 population)",SH.STA.TRAF.P5,,,,,,,,,,,,,,,,,,,,,,,,,,,,,,,,,,,,,,,,,15.8,16,14.5,14,15.4,15.9,16.6,16.6,16.4,15.1,13.2,16.2,14.6,14,13.6,13.9,13.9,13.8,13.7,13.6,,,,
Philippines,PHL,"Mortality caused by road traffic injury (per 100,000 population)",SH.STA.TRAF.P5,,,,,,,,,,,,,,,,,,,,,,,,,,,,,,,,,,,,,,,,,9.8,9.7,10.2,10.1,10.1,10.1,9.8,10.6,10,10.6,11.5,10.5,10.8,10.6,10.9,12.5,12.2,11.8,11.9,12,,,,
Palau,PLW,"Mortality caused by road traffic injury (per 100,000 population)",SH.STA.TRAF.P5,,,,,,,,,,,,,,,,,,,,,,,,,,,,,,,,,,,,,,,,,,,,,,,,,,,,,,4.78,,,,,,,,,,
Papua New Guinea,PNG,"Mortality caused by road traffic injury (per 100,000 population)",SH.STA.TRAF.P5,,,,,,,,,,,,,,,,,,,,,,,,,,,,,,,,,,,,,,,,,17.4,17.5,18,17.6,17.7,18.1,18,17.5,17.4,17.6,17.1,16.8,16.2,16.3,14.3,14.1,13.9,13.9,13.5,12.6,,,,
Poland,POL,"Mortality caused by road traffic injury (per 100,000 population)",SH.STA.TRAF.P5,,,,,,,,,,,,,,,,,,,,,,,,,,,,,,,,,,,,,,,,,18.6,16.6,17.2,16.5,16.9,16,15.1,16.4,16.6,13.3,12,12.8,11.1,10.8,10.4,9.3,9.7,9.1,9.2,9.4,,,,
Pre-demographic dividend,PRE,"Mortality caused by road traffic injury (per 100,000 population)",SH.STA.TRAF.P5,,,,,,,,,,,,,,,,,,,,,,,,,,,,,,,,,,,,,,,,,28.62780186,28.67249841,28.7099561,28.3326863,27.95721287,27.7244663,27.35777966,27.17844342,27.01437604,27.17786051,27.09614905,26.0126681,25.86041825,25.81442053,26.10092105,26.18600047,26.37394046,26.40246902,26.67026465,27.01376428,,,,
Puerto Rico,PRI,"Mortality caused by road traffic injury (per 100,000 population)",SH.STA.TRAF.P5,,,,,,,,,,,,,,,,,,,,,,,,,,,,,,,,,,,,,,,,,,,,,,,,,,,,,,,,,,,,,,,,
"Korea, Dem. People's Rep.",PRK,"Mortality caused by road traffic injury (per 100,000 population)",SH.STA.TRAF.P5,,,,,,,,,,,,,,,,,,,,,,,,,,,,,,,,,,,,,,,,,22.7,22.3,22.5,23,22.7,22.6,23.2,23.7,23.7,23.4,23.3,23.5,23.3,23.2,23.5,23.5,24.1,23.8,24.1,24.2,,,,
Portugal,PRT,"Mortality caused by road traffic injury (per 100,000 population)",SH.STA.TRAF.P5,,,,,,,,,,,,,,,,,,,,,,,,,,,,,,,,,,,,,,,,,19.4,21.5,21.2,19.4,19.1,17.7,16.1,13.1,12.1,12,11.2,10.8,8,7.9,8.5,8.3,7.4,8,9,8.2,,,,
Paraguay,PRY,"Mortality caused by road traffic injury (per 100,000 population)",SH.STA.TRAF.P5,,,,,,,,,,,,,,,,,,,,,,,,,,,,,,,,,,,,,,,,,9.4,11.9,8.9,11.7,12.1,14.5,16.8,17.2,22.6,23.6,24.9,24.3,22.9,23.2,21.8,22,22.6,22.2,22.1,22,,,,
West Bank and Gaza,PSE,"Mortality caused by road traffic injury (per 100,000 population)",SH.STA.TRAF.P5,,,,,,,,,,,,,,,,,,,,,,,,,,,,,,,,,,,,,,,,,,,,,,,,,,,,,,,,,5.3,,,,,,,
Pacific island small states,PSS,"Mortality caused by road traffic injury (per 100,000 population)",SH.STA.TRAF.P5,,,,,,,,,,,,,,,,,,,,,,,,,,,,,,,,,,,,,,,,,12.82492688,12.11049591,12.11461527,16.03312203,14.39893385,13.36865763,14.70825045,12.50202405,13.04942321,12.41687558,11.71562015,11.05285747,10.6159187,10.56979584,10.82506235,11.96519247,12.2095644,12.61524465,13.26203103,14.09959087,,,,
Post-demographic dividend,PST,"Mortality caused by road traffic injury (per 100,000 population)",SH.STA.TRAF.P5,,,,,,,,,,,,,,,,,,,,,,,,,,,,,,,,,,,,,,,,,13.76088994,13.51858099,13.46273586,13.00016835,12.41363338,12.26812915,11.91389497,11.427207,10.28359958,9.162123006,8.629650627,8.373024968,8.198930026,7.712186327,7.55752254,7.760312855,7.877520321,7.65329204,7.488421729,7.447903011,,,,
French Polynesia,PYF,"Mortality caused by road traffic injury (per 100,000 population)",SH.STA.TRAF.P5,,,,,,,,,,,,,,,,,,,,,,,,,,,,,,,,,,,,,,,,,,,,,,,,,,,,,,,,,,,,,,,,
Qatar,QAT,"Mortality caused by road traffic injury (per 100,000 population)",SH.STA.TRAF.P5,,,,,,,,,,,,,,,,,,,,,,,,,,,,,,,,,,,,,,,,,31.2,27.8,31.7,32.6,29.5,31.8,35.6,23.8,22.8,18.1,15.9,13.3,12.7,14.2,13.4,11.1,9,8.7,8.1,7.3,,,,
Romania,ROU,"Mortality caused by road traffic injury (per 100,000 population)",SH.STA.TRAF.P5,,,,,,,,,,,,,,,,,,,,,,,,,,,,,,,,,,,,,,,,,12.4,13,11.6,11.8,12.3,13.3,13.2,14.4,15.5,14,12,10.4,10.4,9.7,10,10,10.3,10.6,10.2,10.3,,,,
Russian Federation,RUS,"Mortality caused by road traffic injury (per 100,000 population)",SH.STA.TRAF.P5,,,,,,,,,,,,,,,,,,,,,,,,,,,,,,,,,,,,,,,,,27.9,28.8,29.6,31,29.9,28.8,27.5,28.2,25.5,21.7,20.5,21.1,21.4,20.7,20.3,17.5,14.4,13.5,12.9,12,,,,
Rwanda,RWA,"Mortality caused by road traffic injury (per 100,000 population)",SH.STA.TRAF.P5,,,,,,,,,,,,,,,,,,,,,,,,,,,,,,,,,,,,,,,,,38,36.4,37.2,36.9,36.7,37,35.5,34.7,33.6,34.1,34,34,34.2,32.4,29.9,30.2,30.3,30.4,29.9,29.4,,,,
South Asia,SAS,"Mortality caused by road traffic injury (per 100,000 population)",SH.STA.TRAF.P5,,,,,,,,,,,,,,,,,,,,,,,,,,,,,,,,,,,,,,,,,15.93745615,15.82358308,15.73964615,15.48193776,15.52164491,15.86032819,16.11383073,16.34784308,16.65278108,16.59727952,16.76803925,16.91896766,16.8383752,16.37651036,15.67961779,15.33250296,15.13801217,15.03282502,15.22315672,15.32286498,,,,
Saudi Arabia,SAU,"Mortality caused by road traffic injury (per 100,000 population)",SH.STA.TRAF.P5,,,,,,,,,,,,,,,,,,,,,,,,,,,,,,,,,,,,,,,,,17.1,17.1,17.2,17.7,23,25.9,24.8,26,25.7,23.8,24.8,26.1,27,26.3,25,26.2,28.7,30.6,33.2,35.9,,,,
Sudan,SDN,"Mortality caused by road traffic injury (per 100,000 population)",SH.STA.TRAF.P5,,,,,,,,,,,,,,,,,,,,,,,,,,,,,,,,,,,,,,,,,25.5,25.5,25.4,25.7,25.7,25.6,24.9,24.7,24.7,24.2,23.8,21.1,22.2,22.2,24.9,25.1,25.5,26.9,26.1,26.8,,,,
Senegal,SEN,"Mortality caused by road traffic injury (per 100,000 population)",SH.STA.TRAF.P5,,,,,,,,,,,,,,,,,,,,,,,,,,,,,,,,,,,,,,,,,24.8,24.6,24.7,25.2,24.9,24.8,25.3,25.5,25.4,25.5,25.8,25.7,24.7,24.6,24.1,24.1,24.1,23.8,23.7,23.5,,,,
Singapore,SGP,"Mortality caused by road traffic injury (per 100,000 population)",SH.STA.TRAF.P5,,,,,,,,,,,,,,,,,,,,,,,,,,,,,,,,,,,,,,,,,6.5,5.8,6.4,7,6.2,5,5.3,6,5.8,4.4,5.1,4.6,3.5,3.2,3.1,3,2.7,2.5,2.3,2.1,,,,
Solomon Islands,SLB,"Mortality caused by road traffic injury (per 100,000 population)",SH.STA.TRAF.P5,,,,,,,,,,,,,,,,,,,,,,,,,,,,,,,,,,,,,,,,,17.7,18.4,19.1,18.8,18.3,17.5,17.7,17.7,17.5,17.9,17.8,17.4,17.1,17.2,16.9,16.9,16.8,16.7,16.6,16.5,,,,
Sierra Leone,SLE,"Mortality caused by road traffic injury (per 100,000 population)",SH.STA.TRAF.P5,,,,,,,,,,,,,,,,,,,,,,,,,,,,,,,,,,,,,,,,,31.2,32.3,31.3,31.3,31.2,31.5,31.2,30.7,30.5,30.5,30,30,29.3,28.4,28.7,30.4,30.5,31.3,32.2,33,,,,
El Salvador,SLV,"Mortality caused by road traffic injury (per 100,000 population)",SH.STA.TRAF.P5,,,,,,,,,,,,,,,,,,,,,,,,,,,,,,,,,,,,,,,,,35.9,35.3,33.1,35.6,35.6,29.7,32.9,30.9,28.4,24.6,22.3,21.1,19,19,20.4,20.8,22.2,20.6,20.8,20.9,,,,
San Marino,SMR,"Mortality caused by road traffic injury (per 100,000 population)",SH.STA.TRAF.P5,,,,,,,,,,,,,,,,,,,,,,,,,,,,,,,,,,,,,,,,,,,,,,,,,,,,,,3.2,,,0,,,,,,,
Somalia,SOM,"Mortality caused by road traffic injury (per 100,000 population)",SH.STA.TRAF.P5,,,,,,,,,,,,,,,,,,,,,,,,,,,,,,,,,,,,,,,,,27.6,27,26.1,27.2,27.7,27.3,27.4,27.2,27.6,27.5,27.7,27.7,27.1,27,27.2,27.2,27.4,27.4,27.4,27.4,,,,
Serbia,SRB,"Mortality caused by road traffic injury (per 100,000 population)",SH.STA.TRAF.P5,,,,,,,,,,,,,,,,,,,,,,,,,,,,,,,,,,,,,,,,,10.9,13.8,9.4,8,9.1,10,11.5,12.6,11.7,10.7,9,9.7,8.9,8.4,7.5,6.7,7.4,8.6,7.5,7.5,,,,
Sub-Saharan Africa (excluding high income),SSA,"Mortality caused by road traffic injury (per 100,000 population)",SH.STA.TRAF.P5,,,,,,,,,,,,,,,,,,,,,,,,,,,,,,,,,,,,,,,,,30.00000915,29.58967883,29.81455484,29.7412501,29.28269883,28.89813922,28.67859086,27.87806048,27.50421535,27.64445519,27.54555842,26.93994446,26.76940622,26.50042561,26.72491853,26.84690559,27.15666662,27.1346233,27.17460288,27.45989925,,,,
South Sudan,SSD,"Mortality caused by road traffic injury (per 100,000 population)",SH.STA.TRAF.P5,,,,,,,,,,,,,,,,,,,,,,,,,,,,,,,,,,,,,,,,,19.2,19.4,19.7,20,20.5,20.9,21.2,21.6,23,24,25.3,27.4,31,31.2,31.9,33.1,33.8,34.7,35.7,36.7,,,,
Sub-Saharan Africa,SSF,"Mortality caused by road traffic injury (per 100,000 population)",SH.STA.TRAF.P5,,,,,,,,,,,,,,,,,,,,,,,,,,,,,,,,,,,,,,,,,29.99802684,29.58761807,29.81327544,29.73985582,29.28048019,28.89611923,28.67683269,27.87700252,27.50203225,27.6426453,27.54419671,26.93849982,26.76788883,26.49873979,26.72361308,26.84568801,27.15561979,27.13320581,27.17320561,27.45849261,,,,
Small states,SST,"Mortality caused by road traffic injury (per 100,000 population)",SH.STA.TRAF.P5,,,,,,,,,,,,,,,,,,,,,,,,,,,,,,,,,,,,,,,,,17.49421962,16.85322637,17.37694193,17.19527126,17.78397921,17.48056972,17.90344536,17.75788056,16.38164648,15.40646871,14.52932753,15.24647138,13.8912306,13.96152788,13.75126027,14.13698815,14.51951398,13.894368,14.01147038,13.92165117,,,,
Sao Tome and Principe,STP,"Mortality caused by road traffic injury (per 100,000 population)",SH.STA.TRAF.P5,,,,,,,,,,,,,,,,,,,,,,,,,,,,,,,,,,,,,,,,,12.3,10.1,14.1,14.3,28.8,28.6,27.8,27.1,26.3,26.2,26.6,26,26,26.6,26.6,27.1,27.1,27.4,27.6,27.9,,,,
Suriname,SUR,"Mortality caused by road traffic injury (per 100,000 population)",SH.STA.TRAF.P5,,,,,,,,,,,,,,,,,,,,,,,,,,,,,,,,,,,,,,,,,25.7,12.8,17.8,20.3,29.4,26.4,24.7,25.4,24.4,26.6,19.5,22.2,15.7,14.4,16.3,11.4,14.3,16,15.7,15.3,,,,
Slovak Republic,SVK,"Mortality caused by road traffic injury (per 100,000 population)",SH.STA.TRAF.P5,,,,,,,,,,,,,,,,,,,,,,,,,,,,,,,,,,,,,,,,,15.1,15.1,14.3,15.3,14.5,13.7,13.9,12.5,14.4,9.6,9,8.7,7.9,5.2,6.6,6.4,6.3,6.2,6.1,6.1,,,,
Slovenia,SVN,"Mortality caused by road traffic injury (per 100,000 population)",SH.STA.TRAF.P5,,,,,,,,,,,,,,,,,,,,,,,,,,,,,,,,,,,,,,,,,16.4,15,14.1,13,14.4,13.5,13.7,15.6,11.1,8.9,7.2,7.1,6.6,6.3,5.5,6,6.5,5.2,4.5,5.1,,,,
Sweden,SWE,"Mortality caused by road traffic injury (per 100,000 population)",SH.STA.TRAF.P5,,,,,,,,,,,,,,,,,,,,,,,,,,,,,,,,,,,,,,,,,6.7,7,6.3,6,5.6,5.3,5.3,5.3,4.8,4.1,3,3.4,3.5,3.1,3.2,3.2,3.1,2.7,3.6,3.1,,,,
Eswatini,SWZ,"Mortality caused by road traffic injury (per 100,000 population)",SH.STA.TRAF.P5,,,,,,,,,,,,,,,,,,,,,,,,,,,,,,,,,,,,,,,,,29.9,29.9,29.6,30,30.4,29.9,28.6,28.8,29,29.7,30.1,31,30.5,30.7,31.1,31.5,32.4,32.6,33,33.5,,,,
Sint Maarten (Dutch part),SXM,"Mortality caused by road traffic injury (per 100,000 population)",SH.STA.TRAF.P5,,,,,,,,,,,,,,,,,,,,,,,,,,,,,,,,,,,,,,,,,,,,,,,,,,,,,,,,,,,,,,,,
Seychelles,SYC,"Mortality caused by road traffic injury (per 100,000 population)",SH.STA.TRAF.P5,,,,,,,,,,,,,,,,,,,,,,,,,,,,,,,,,,,,,,,,,13.6,12.1,19,17.5,9.2,10.2,12.3,17.8,6.6,9.9,14.2,12,10.8,8.6,12.7,13.7,15.7,11.4,11.4,11.3,,,,
Syrian Arab Republic,SYR,"Mortality caused by road traffic injury (per 100,000 population)",SH.STA.TRAF.P5,,,,,,,,,,,,,,,,,,,,,,,,,,,,,,,,,,,,,,,,,22,21.4,20.8,21.9,21.8,21.9,22.6,22.8,22.9,22.7,22.5,22.7,22.1,23,24.8,25.9,27.5,17.1,17.1,14.9,,,,
Turks and Caicos Islands,TCA,"Mortality caused by road traffic injury (per 100,000 population)",SH.STA.TRAF.P5,,,,,,,,,,,,,,,,,,,,,,,,,,,,,,,,,,,,,,,,,,,,,,,,,,,,,,,,,,,,,,,,
Chad,TCD,"Mortality caused by road traffic injury (per 100,000 population)",SH.STA.TRAF.P5,,,,,,,,,,,,,,,,,,,,,,,,,,,,,,,,,,,,,,,,,27,26.6,26.4,26.4,25.1,24.8,24.5,24.6,25,24.9,24.7,24.8,23.7,24,24.6,25.7,27.4,28.9,30.6,32.4,,,,
East Asia & Pacific (IDA & IBRD countries),TEA,"Mortality caused by road traffic injury (per 100,000 population)",SH.STA.TRAF.P5,,,,,,,,,,,,,,,,,,,,,,,,,,,,,,,,,,,,,,,,,20.78729531,21.12186284,21.30114916,20.53347589,20.11487432,20.27550716,20.14958636,20.23901285,19.93196488,19.98747137,19.89093672,20.09368678,19.66363955,19.12054161,18.41270369,18.12432178,17.94762904,17.88509878,17.69796791,17.59008468,,,,
Europe & Central Asia (IDA & IBRD countries),TEC,"Mortality caused by road traffic injury (per 100,000 population)",SH.STA.TRAF.P5,,,,,,,,,,,,,,,,,,,,,,,,,,,,,,,,,,,,,,,,,18.03971624,18.53032325,18.93351738,19.64220506,19.65524708,19.94175512,19.6232303,20.65963176,18.78188495,16.08923745,15.22400049,15.90495846,15.68249272,15.23983799,14.57598176,13.51997229,12.36408557,11.54019351,10.89508776,10.34470753,,,,
Togo,TGO,"Mortality caused by road traffic injury (per 100,000 population)",SH.STA.TRAF.P5,,,,,,,,,,,,,,,,,,,,,,,,,,,,,,,,,,,,,,,,,30.1,30.4,30.8,30.9,31,30.9,31.2,31.1,31.3,31.3,31.1,31.1,30.6,30.7,30.3,29.9,29.6,29.2,28.8,28.7,,,,
Thailand,THA,"Mortality caused by road traffic injury (per 100,000 population)",SH.STA.TRAF.P5,,,,,,,,,,,,,,,,,,,,,,,,,,,,,,,,,,,,,,,,,39,39.3,39.2,38.8,38.9,38.9,38.7,38.9,38.9,38.7,38.3,38.2,36.3,36,32.6,32.8,32.5,35.1,32.3,32.2,,,,
Tajikistan,TJK,"Mortality caused by road traffic injury (per 100,000 population)",SH.STA.TRAF.P5,,,,,,,,,,,,,,,,,,,,,,,,,,,,,,,,,,,,,,,,,19.5,19.5,19.2,19,19.1,18.9,18.6,18.5,18.6,18.7,18.7,18.5,18.6,18.6,18.4,18.4,18.2,18,16.1,15.7,,,,
Turkmenistan,TKM,"Mortality caused by road traffic injury (per 100,000 population)",SH.STA.TRAF.P5,,,,,,,,,,,,,,,,,,,,,,,,,,,,,,,,,,,,,,,,,16.1,16.3,16.7,16.8,17.3,17.2,17.1,16.9,16.7,16.7,16.9,16.6,15.9,17,16.3,16.4,14.2,14.6,14.1,13.5,,,,
Latin America & the Caribbean (IDA & IBRD countries),TLA,"Mortality caused by road traffic injury (per 100,000 population)",SH.STA.TRAF.P5,,,,,,,,,,,,,,,,,,,,,,,,,,,,,,,,,,,,,,,,,17.64929644,17.91818582,18.08373002,17.98188771,18.51937565,18.59300637,18.96609293,19.37782381,19.82625957,19.41596308,19.38395166,19.47405395,19.80111738,19.27537814,19.20696004,18.50579171,18.29862992,18.09249804,17.60847953,17.43872966,,,,
Timor-Leste,TLS,"Mortality caused by road traffic injury (per 100,000 population)",SH.STA.TRAF.P5,,,,,,,,,,,,,,,,,,,,,,,,,,,,,,,,,,,,,,,,,14.5,14.1,14.5,15,15.3,15.6,15.9,15.2,15.1,15.2,15.3,15.4,14.7,14.8,13,13.1,13.2,12.6,12.2,11.9,,,,
Middle East & North Africa (IDA & IBRD countries),TMN,"Mortality caused by road traffic injury (per 100,000 population)",SH.STA.TRAF.P5,,,,,,,,,,,,,,,,,,,,,,,,,,,,,,,,,,,,,,,,,20.53089472,21.2414216,22.09984925,23.66623606,23.14381927,23.40771972,23.35727679,22.1962242,22.45291382,22.22192407,22.35236403,20.83803816,19.41266275,19.00153369,19.46689511,19.3424991,18.7552102,18.24391158,18.78639676,18.57307263,,,,
Tonga,TON,"Mortality caused by road traffic injury (per 100,000 population)",SH.STA.TRAF.P5,,,,,,,,,,,,,,,,,,,,,,,,,,,,,,,,,,,,,,,,,13.3,13.2,13.1,13.1,13,13.9,14.7,13.6,17.4,10.6,5.8,8.7,7.8,7.9,5.9,6.9,17.8,17.3,23.9,33,,,,
South Asia (IDA & IBRD),TSA,"Mortality caused by road traffic injury (per 100,000 population)",SH.STA.TRAF.P5,,,,,,,,,,,,,,,,,,,,,,,,,,,,,,,,,,,,,,,,,15.93745615,15.82358308,15.73964615,15.48193776,15.52164491,15.86032819,16.11383073,16.34784308,16.65278108,16.59727952,16.76803925,16.91896766,16.8383752,16.37651036,15.67961779,15.33250296,15.13801217,15.03282502,15.22315672,15.32286498,,,,
Sub-Saharan Africa (IDA & IBRD countries),TSS,"Mortality caused by road traffic injury (per 100,000 population)",SH.STA.TRAF.P5,,,,,,,,,,,,,,,,,,,,,,,,,,,,,,,,,,,,,,,,,29.99802684,29.58761807,29.81327544,29.73985582,29.28048019,28.89611923,28.67683269,27.87700252,27.50203225,27.6426453,27.54419671,26.93849982,26.76788883,26.49873979,26.72361308,26.84568801,27.15561979,27.13320581,27.17320561,27.45849261,,,,
Trinidad and Tobago,TTO,"Mortality caused by road traffic injury (per 100,000 population)",SH.STA.TRAF.P5,,,,,,,,,,,,,,,,,,,,,,,,,,,,,,,,,,,,,,,,,13.6,16.1,15,20.3,17.9,19.2,20.1,21,24.8,22.1,20.2,15.9,17.8,14,14.8,13.1,12,11.1,10.2,9.3,,,,
Tunisia,TUN,"Mortality caused by road traffic injury (per 100,000 population)",SH.STA.TRAF.P5,,,,,,,,,,,,,,,,,,,,,,,,,,,,,,,,,,,,,,,,,23.7,23.2,22.9,23.3,23.4,24.1,23.9,23.7,24,23.8,23.9,23.7,22.9,22.8,22.8,22.9,23,21.5,18.7,16.5,,,,
Turkiye,TUR,"Mortality caused by road traffic injury (per 100,000 population)",SH.STA.TRAF.P5,,,,,,,,,,,,,,,,,,,,,,,,,,,,,,,,,,,,,,,,,9,7,6.8,6.6,6.8,6.8,6.9,7.4,6.2,6.3,6.8,11,10.7,10.3,9.6,9.9,9.4,9.4,8.4,6.7,,,,
Tuvalu,TUV,"Mortality caused by road traffic injury (per 100,000 population)",SH.STA.TRAF.P5,,,,,,,,,,,,,,,,,,,,,,,,,,,,,,,,,,,,,,,,,,,,,,,,,,,,,,,,,,,,,,,,
Tanzania,TZA,"Mortality caused by road traffic injury (per 100,000 population)",SH.STA.TRAF.P5,,,,,,,,,,,,,,,,,,,,,,,,,,,,,,,,,,,,,,,,,32.2,32,31.3,30,30.1,29.8,28.8,28.8,28.4,28.7,28.8,28.6,30.3,30.3,30.6,30.8,30.6,30.9,31,31.1,,,,
Uganda,UGA,"Mortality caused by road traffic injury (per 100,000 population)",SH.STA.TRAF.P5,,,,,,,,,,,,,,,,,,,,,,,,,,,,,,,,,,,,,,,,,33.9,33.6,33.3,32.7,32.4,32.5,31.8,31.8,31.7,31.9,32.3,28.4,29.5,29.9,30.2,30.3,30.4,29.9,29.7,29.4,,,,
Ukraine,UKR,"Mortality caused by road traffic injury (per 100,000 population)",SH.STA.TRAF.P5,,,,,,,,,,,,,,,,,,,,,,,,,,,,,,,,,,,,,,,,,13.6,17.8,19.5,20.1,20.6,25.2,25.3,29.5,24.8,17,15.4,15.2,15.5,14.6,13.7,12.9,13.6,10.3,10,10.2,,,,
Upper middle income,UMC,"Mortality caused by road traffic injury (per 100,000 population)",SH.STA.TRAF.P5,,,,,,,,,,,,,,,,,,,,,,,,,,,,,,,,,,,,,,,,,20.40725172,20.76347646,21.09118979,20.76382981,20.53194673,20.79480015,20.83128843,20.70710005,20.33033228,20.06565002,19.96437694,20.11461946,19.68529405,18.98398587,18.39682168,17.90856304,17.67442065,17.36229652,17.12703397,16.87740243,,,,
Uruguay,URY,"Mortality caused by road traffic injury (per 100,000 population)",SH.STA.TRAF.P5,,,,,,,,,,,,,,,,,,,,,,,,,,,,,,,,,,,,,,,,,16.8,15.6,12.3,12.2,13.9,12.8,14.5,14.4,15.9,16.5,17.1,17.5,15.6,17.3,16.3,15.3,13.4,14.1,15.8,14.8,,,,
United States,USA,"Mortality caused by road traffic injury (per 100,000 population)",SH.STA.TRAF.P5,,,,,,,,,,,,,,,,,,,,,,,,,,,,,,,,,,,,,,,,,15.7,15.7,16.2,16,15.8,15.7,15.6,14.9,13.4,12.1,11.7,11.6,11.9,11.4,11.3,12.1,12.9,12.8,12.6,12.7,,,,
Uzbekistan,UZB,"Mortality caused by road traffic injury (per 100,000 population)",SH.STA.TRAF.P5,,,,,,,,,,,,,,,,,,,,,,,,,,,,,,,,,,,,,,,,,9.7,9.6,8.2,9.9,12.8,12.9,10,10.3,10.6,12.9,11.3,11.3,10.3,11.6,10.9,11.9,11.5,11.2,10.2,11.7,,,,
St. Vincent and the Grenadines,VCT,"Mortality caused by road traffic injury (per 100,000 population)",SH.STA.TRAF.P5,,,,,,,,,,,,,,,,,,,,,,,,,,,,,,,,,,,,,,,,,4.6,5.6,4.6,10.2,7.4,8.3,12.9,8.2,5.5,7.8,3.7,3.7,5.5,8.3,6.4,6.4,6.4,6.9,7.1,7.4,,,,
"Venezuela, RB",VEN,"Mortality caused by road traffic injury (per 100,000 population)",SH.STA.TRAF.P5,,,,,,,,,,,,,,,,,,,,,,,,,,,,,,,,,,,,,,,,,27.4,30,29.9,27.4,28.2,27.2,30.8,36.8,37.7,36.8,31.2,30.1,34.4,35.4,34.5,34.9,35.6,37.8,38.2,39,,,,
British Virgin Islands,VGB,"Mortality caused by road traffic injury (per 100,000 population)",SH.STA.TRAF.P5,,,,,,,,,,,,,,,,,,,,,,,,,,,,,,,,,,,,,,,,,,,,,,,,,,,,,,,,,,,,,,,,
Virgin Islands (U.S.),VIR,"Mortality caused by road traffic injury (per 100,000 population)",SH.STA.TRAF.P5,,,,,,,,,,,,,,,,,,,,,,,,,,,,,,,,,,,,,,,,,,,,,,,,,,,,,,,,,,,,,,,,
Viet Nam,VNM,"Mortality caused by road traffic injury (per 100,000 population)",SH.STA.TRAF.P5,,,,,,,,,,,,,,,,,,,,,,,,,,,,,,,,,,,,,,,,,24.1,24.2,24.3,24.2,24.9,24.6,24.5,24.3,24.8,24.6,25.6,25.3,25.4,25,24.7,25.4,26.7,27.8,29.2,30.6,,,,
Vanuatu,VUT,"Mortality caused by road traffic injury (per 100,000 population)",SH.STA.TRAF.P5,,,,,,,,,,,,,,,,,,,,,,,,,,,,,,,,,,,,,,,,,14.1,14.3,14.4,14.6,14.2,13.9,13.5,13.7,13.4,13.5,13.5,13.6,13.2,13.2,14.8,15.5,15.4,15.3,15.1,14.9,,,,
World,WLD,"Mortality caused by road traffic injury (per 100,000 population)",SH.STA.TRAF.P5,,,,,,,,,,,,,,,,,,,,,,,,,,,,,,,,,,,,,,,,,19.09831235,19.15457438,19.28107614,19.0403465,18.84277983,18.93809879,18.90439459,18.85336507,18.59465259,18.29284454,18.19587286,18.1947983,17.98157843,17.5459318,17.19578527,16.98867735,16.8689771,16.75527011,16.72823692,16.74351134,,,,
Samoa,WSM,"Mortality caused by road traffic injury (per 100,000 population)",SH.STA.TRAF.P5,,,,,,,,,,,,,,,,,,,,,,,,,,,,,,,,,,,,,,,,,14.9,13.7,13.6,13.5,15.1,12.8,12.7,12.6,13.1,29.8,12.9,12.8,12.7,18.4,11.4,11.4,11.3,13,12.9,13,,,,
Kosovo,XKX,"Mortality caused by road traffic injury (per 100,000 population)",SH.STA.TRAF.P5,,,,,,,,,,,,,,,,,,,,,,,,,,,,,,,,,,,,,,,,,,,,,,,,,,,,,,,,,,,,,,,,
"Yemen, Rep.",YEM,"Mortality caused by road traffic injury (per 100,000 population)",SH.STA.TRAF.P5,,,,,,,,,,,,,,,,,,,,,,,,,,,,,,,,,,,,,,,,,21.9,22,22,22,22.4,22,21.9,22,22.2,23,23.1,24.1,23.5,23.4,24.3,26,27.3,27.5,28.4,29.4,,,,
South Africa,ZAF,"Mortality caused by road traffic injury (per 100,000 population)",SH.STA.TRAF.P5,,,,,,,,,,,,,,,,,,,,,,,,,,,,,,,,,,,,,,,,,44,38.3,39.9,43.4,41.3,38.1,41.1,32.4,29.5,28.6,28.6,27.8,26.5,22.8,24,24.1,25.8,23.2,22.7,22.2,,,,
Zambia,ZMB,"Mortality caused by road traffic injury (per 100,000 population)",SH.STA.TRAF.P5,,,,,,,,,,,,,,,,,,,,,,,,,,,,,,,,,,,,,,,,,27.4,27.2,26.9,26.2,25.9,25.4,24.9,24.1,23.9,23.8,23.6,20.7,20.4,20.4,20.6,20.9,21.2,20.6,20.5,20.5,,,,
Zimbabwe,ZWE,"Mortality caused by road traffic injury (per 100,000 population)",SH.STA.TRAF.P5,,,,,,,,,,,,,,,,,,,,,,,,,,,,,,,,,,,,,,,,,29.3,29.7,32.4,33.7,34.8,35.3,36.5,36.6,37.5,37.9,37.6,37.4,37.3,37.7,37.9,38.7,39.9,40.1,40.6,41.2,,,,
